Timestamp,respondent_id,What do you want to say to Council Member Newbille and Director Frelke?,How would you like the situation resolved now that construction is paused?,What are your priorities for park improvements going forward? (Choose up to three),Anything else you want the City or neighbors to know?
12/05/2026 16:41:59,anon_69dc5e698d,"I want to work to insure all park users have opportunities to engage in the process for planning updates and developments to our spaces. Those who have the least access to these processes are often the most impacted by decisions made without their input, notification or consent. We can do so much better as a neighborhood and as a city.","Address maintenance, health and safety needs in the park before any space is expanded or developed.","Restrooms and water fountain access, and other santitation improvements, Mulch (or other material) for play area surface, Additional landscaping (trees and plantings) and/or hardscaping (surfaces, shade structures)",Our playground is for all of us and we are responsible to each other for investing in our third spaces in ways that respect and reflect all of us.
12/05/2026 17:04:54,anon_144f3d32dd,,"Address maintenance, health and safety needs in the park before any space is expanded or developed.","Restrooms and water fountain access, and other santitation improvements, Mulch (or other material) for play area surface, Water feature (splash pad or cooling features)",
12/05/2026 17:47:07,anon_ba3235b340,The community should have been consulted before this project began. ,"Address maintenance, health and safety needs in the park before any space is expanded or developed.","Restrooms and water fountain access, and other santitation improvements, New spaces (dog play area, renovated track or field space, surface for skateboarding/rollerskating), Water feature (splash pad or cooling features), Fenced area for dogs","If it’s using tax payer dollars, then the community must be able to weigh in and there must be transparency."
12/05/2026 17:47:49,anon_9c18002606,Thank you for pausing construction on yet more petanque courts at Chimbo Playground!,"Reverse construction on the new petanque courts, and redirect resources to other improvements.","Restrooms and water fountain access, and other santitation improvements, Additional landscaping (trees and plantings) and/or hardscaping (surfaces, shade structures), Open green space is important, we don't need to develop every inch of our parks. The big green field is versatile. I see kids using the field to play soccer, parents playing catch with their kids, and people playing frisbee. There are currently plenty of petanque courts. Also, they fill with standing water when it rains.",
12/05/2026 18:08:05,anon_02f79b7c63,"I’m pleased that construction was halted but that’s our tax dollars that were spent without our knowledge or consent. Where did this renovation plan specifically come from, and who said “go” on it and why? Richmond has a transparency problem at all levels of government, especially when it comes to finance! Please can we change this going forward?",Share full plans and invite public review and input before adopting any changes.,"Restrooms and water fountain access, and other santitation improvements, Additional landscaping (trees and plantings) and/or hardscaping (surfaces, shade structures), Renovate park house (have staffing/equipment weekends/Summer for all users)",
12/05/2026 18:24:26,anon_65d7156014,"A ""Playground"" is for kids.    Families who need Stroller-access.    And a central spot.    The adult Petanque could access park space somewhere else in CH?","Reverse construction on the new petanque courts, and redirect resources to other improvements.","Restrooms and water fountain access, and other santitation improvements, New spaces (dog play area, renovated track or field space, surface for skateboarding/rollerskating), Renovate park house (have staffing/equipment weekends/Summer for all users), Water feature (splash pad or cooling features)",We appreciate being included.   
12/05/2026 18:38:23,anon_305c25184c,"Please spend our tax dollars in a way that best support and encourage the most people, especially our children. ",Start over. Study what is the best value and impact for park improvements. Be systematic and systemic in making a new plan. ,"Restrooms and water fountain access, and other santitation improvements, Mulch (or other material) for play area surface, New spaces (dog play area, renovated track or field space, surface for skateboarding/rollerskating)",Listen to the people who use the space and do what will benefit the most people
12/05/2026 19:29:44,anon_4ba928ebce,"Seriously, MORE pétanque? For the 12 residents who play it? When there is a 40-person deep waiting list for community garden plots?","Reverse construction on the new petanque courts, and redirect resources to other improvements.","Improvements to existing courts or playground equipment, Additional landscaping (trees and plantings) and/or hardscaping (surfaces, shade structures), Expand one or more existing uses (basketball/petanque/tennis courts/playground equipment/picnic tables/community garden), Water feature (splash pad or cooling features), Community garden space, trees, picnic area or shade, green spaces!",
12/05/2026 19:48:56,anon_5922d4a824,I am happy to see the city investing in Chimborazo Playground! It is a unique space and has many amenities both Chimborazo park and Libby hill park lack. I hope we reconsider the expansion of Petangue courts in favor of something more family-oriented. It would be great to see more interactive playground-type amenities to support parents and young children in this lovely neighborhood!,"Reverse construction on the new petanque courts, and redirect resources to other improvements.",Water feature (splash pad or cooling features),This is a wonderful place to live and I’m glad to be a part of this community ! 
12/05/2026 19:49:22,anon_1e2f11918d,Why was this not made public?,Share full plans and invite public review and input before adopting any changes.,"Restrooms and water fountain access, and other santitation improvements, Improvements to existing courts or playground equipment, Water feature (splash pad or cooling features)",
12/05/2026 19:57:47,anon_a54f44b13e,Appreciate the city’s investment in Chimborazo playground and the city listening to the community’s input on how to best use this space,Share full plans and invite public review and input before adopting any changes.,"Restrooms and water fountain access, and other santitation improvements, Improvements to existing courts or playground equipment, Additional landscaping (trees and plantings) and/or hardscaping (surfaces, shade structures), Renovate park house (have staffing/equipment weekends/Summer for all users), Water feature (splash pad or cooling features)",
12/05/2026 20:13:56,anon_49f8133c8e,,"Address maintenance, health and safety needs in the park before any space is expanded or developed.","Restrooms and water fountain access, and other santitation improvements, Improvements to existing courts or playground equipment, New spaces (dog play area, renovated track or field space, surface for skateboarding/rollerskating), Water feature (splash pad or cooling features)",
12/05/2026 20:17:46,anon_4d00c148d9,"The Chimborazo Playground should serve the needs of the community around it. It’s great that the pétanque group has been established for many years, but they are a niche group and should not monopolize the recreation space and public funds. In order to better represent how the park is used, there either needs to be a poll distributed to all residents within walking distance of the park or a study of how the space is being used. From my observations, the tennis courts could be updated to pickleball courts, the bathroom space could be updated/fixed or converted to a larger covered pavilion and the basketball courts and playground deserve attention as well. Just because this is the only park that includes pétanque courts does not mean that they should be enlarged to take up more of what is a relatively small green space. There are plenty of larger parks that have open space available. ","Reverse construction on the new petanque courts, and redirect resources to other improvements.","Restrooms and water fountain access, and other santitation improvements, Improvements to existing courts or playground equipment, Renovate park house (have staffing/equipment weekends/Summer for all users)","There needs to be a more inclusive forum for these types of plans. If people can’t be easily polled, it is relatively easy to just observe usage. "
12/05/2026 20:21:11,anon_f6bb75da0c,We would like more equitable uses of public parks that benefit the majority of the neighborhood ,"Address maintenance, health and safety needs in the park before any space is expanded or developed.","Restrooms and water fountain access, and other santitation improvements, Mulch (or other material) for play area surface, Additional landscaping (trees and plantings) and/or hardscaping (surfaces, shade structures), New spaces (dog play area, renovated track or field space, surface for skateboarding/rollerskating), Renovate park house (have staffing/equipment weekends/Summer for all users), Water feature (splash pad or cooling features)",
12/05/2026 20:24:16,anon_e605de3e5e,,"Reverse construction on the new petanque courts, and redirect resources to other improvements.","Actually get rid of the gravel spots and have a nice grass field in the area near the once soccer goal. A safe place for families to kick a soccer ball, throw a frisbee, run and play. The other planned courts were actually cutting into this area,  ",
12/05/2026 20:25:39,anon_276a6f2c67,"Hi! Respectfully, we would love it if green space were preserved for our kids to play. If there's money for improving the park, we would like to see the bathrooms renovated as a priority over petanque. ","Reverse construction on the new petanque courts, and redirect resources to other improvements.","Restrooms and water fountain access, and other santitation improvements, Real grass in the field instead of grass/weeds that have grown up over an old parking lot",
12/05/2026 20:29:56,anon_a520e637af,I am very disappointed in the city’s apparent lack of thoughtfulness in this decision. The Chimborazo playground is in need of plenty of improvements that would serve the majority rather than new pétanque courts which only serve a very small fraction of residents. ,Share full plans and invite public review and input before adopting any changes.,"Restrooms and water fountain access, and other santitation improvements, Mulch (or other material) for play area surface, Water feature (splash pad or cooling features)",
12/05/2026 21:19:26,anon_7581f00f2d,Thank you for taking the time to listen to our concerns. ,"Address maintenance, health and safety needs in the park before any space is expanded or developed.","Improvements to existing courts or playground equipment, Water feature (splash pad or cooling features), Gaga ball would another great addition to this park ",Thank you for all you are doing. 
12/05/2026 21:30:12,anon_45410edaf5,"Thank you for taking the time to listen, and for committing to more frequent and transparent communication with our neighborhood associations that represent all of us. ","Address maintenance, health and safety needs in the park before any space is expanded or developed.","Restrooms and water fountain access, and other santitation improvements, Mulch (or other material) for play area surface, Improvement and consistent maintenance of existing landscaping (remove gravel from green space, plant and maintain grass, etc)","The city has an opportunity here to invest in a vital gathering place for area youth and families. Let's redirect these resources to features that educate on renewable energy, food systems, STEM, and provide safe and sustainable spaces to learn, connect, cool off, and even share a movie night or a performance. "
12/05/2026 21:33:56,anon_df6745e085,I love our city parks and want to ensure they are well-used and loved. The process for determining city parks use should involve inout from the neighborhood so this was disappointing but not unsolvable. ,Share full plans and invite public review and input before adopting any changes.,"Restrooms and water fountain access, and other santitation improvements, New spaces (dog play area, renovated track or field space, surface for skateboarding/rollerskating), Water feature (splash pad or cooling features)",Why is there only one soccer goal? 
12/05/2026 21:35:32,anon_64080c2998,"Just want our city officials to know that this community appreciates more transparency and inclusivity when it comes to decisions that shape our shared public resources. And in this particular instance, I think they should know that some residents, like me and my wife, appreciate that Chimborazo Playground has something for everyone: there are already developed areas in the park with basketball courts, tennis courts, pétanque, and playground equipment, but what is also valued is the blank turf that can be repurposed by anyone, for anything. I’ve used that area for picnics, soccer, frisbee, and dog training (on leash of course). ","Reverse construction on the new petanque courts, and redirect resources to other improvements.","Other than cyclical maintenance, please don’t further develop the site. We need open space, for impromptu sports and picnics","I would like the city to acknowledge through its brochures and waysides that the whole Chimbo Playground area was an early site of 4th Baptist Church’s sanctuary, build with repurposed lumber from the former Confederate Hospital. The area where these pétanque courts are are approximately where the church’s baptismal pool stood, on the banks of Bloody Run Creek (now buried)"
12/05/2026 22:12:18,anon_fa2028ead6,,"Find a way to build the new petanque courts, and remove the old ones for other park use.","Restrooms and water fountain access, and other santitation improvements, Mulch (or other material) for play area surface, Additional landscaping (trees and plantings) and/or hardscaping (surfaces, shade structures)",
12/05/2026 22:45:50,anon_a61f3b31dc,"How public parks and public spaces should be used and by whom should be decided openly and transparently. It feels strange (especially since the park has a ""Friends"" group) that many users of the park had no idea that the petanque court expansion was even a possibility let alone already decided.",Share full plans and invite public review and input before adopting any changes.,"Restrooms and water fountain access, and other santitation improvements, Improvements to existing courts or playground equipment, Additional landscaping (trees and plantings) and/or hardscaping (surfaces, shade structures)",What should be the role of a Friends group and how much notice and/or input should the community have as it relates to more permanent public installations?
12/05/2026 22:53:41,anon_b50677bf4f,,"Reverse construction on the new petanque courts, and redirect resources to other improvements.","Restrooms and water fountain access, and other santitation improvements, Improvements to existing courts or playground equipment, Water feature (splash pad or cooling features)",Please consider directing resources to our growing young families by expanding the existing play equipment and/or adding a water feature!
13/05/2026 06:05:35,anon_f3bcd31f8a,,"Address maintenance, health and safety needs in the park before any space is expanded or developed.","Restrooms and water fountain access, and other santitation improvements, Renovate park house (have staffing/equipment weekends/Summer for all users)",
13/05/2026 06:11:15,anon_1d91074dff,Thank yiuvfor being here.    The neighborhood needs a voice.    A swlect few petanque players are also on the board or CHA committee and they failed to utilize this influence with the city fir the greater Good.,"Reverse construction on the new petanque courts, and redirect resources to other improvements.","New spaces (dog play area, renovated track or field space, surface for skateboarding/rollerskating)",Thank you
13/05/2026 06:37:26,anon_623e7503ba,,"Reverse construction on the new petanque courts, and redirect resources to other improvements.","Improvements to existing courts or playground equipment, Additional landscaping (trees and plantings) and/or hardscaping (surfaces, shade structures), New spaces (dog play area, renovated track or field space, surface for skateboarding/rollerskating)",
13/05/2026 07:22:24,anon_aa98fed77c,"I'm glad P&R actually found a way to get something done. people are tired of endless meetings, they just want to see projects built","Just fininish the courts, you don't even need to get rid of the old ones","New spaces (dog play area, renovated track or field space, surface for skateboarding/rollerskating)","This bocce ball court thing is such a dumb waste of time, just let the city make these decisions and do them"
13/05/2026 07:42:30,anon_ac535979ca,Dedicating more space (and the city’s limited funds) to this obscure game is not in line with the community’s wants or needs. ,"Reverse construction on the new petanque courts, and redirect resources to other improvements.","Restrooms and water fountain access, and other santitation improvements, Mulch (or other material) for play area surface, Additional landscaping (trees and plantings) and/or hardscaping (surfaces, shade structures)",
13/05/2026 08:35:29,anon_687a963f92,"It's so difficult to find a playground that caters to the younger toddlers and preschoolers. Chimbo playground is the only one on the hill that does this well, so additional improvements like shelters and facilities would be great. I want the petanque club to get their roses too, but these features would benefit EVERYONE who uses the park, which is mainly basketball players, gardeners, parents, and tennis players. I have never seen any petanque players actually using the court despite walking by and through the park at all times and weekdays for years.","Address maintenance, health and safety needs in the park before any space is expanded or developed.","Restrooms and water fountain access, and other santitation improvements, Additional landscaping (trees and plantings) and/or hardscaping (surfaces, shade structures), Water feature (splash pad or cooling features)",
13/05/2026 08:48:59,anon_07f8d6731c,,Continue as planned with petanque court,"Restrooms and water fountain access, and other santitation improvements, Refurbish petanque court",
13/05/2026 08:58:55,anon_6e01be97d7,"The current pétanque courts are under utilized. Why would we double down and build more? Why don’t we give the current courts a face lift, but direct funds and effort into improving or expanding the playground for the influx of new families with young children in the neighborhood. This just seems like adding more pétanque courts was a lazy choice that serves such a very small percentage of people in the neighborhood, and I doubt most people that use them don’t even live in the neighborhood. ","Reverse construction on the new petanque courts, and redirect resources to other improvements.","Mulch (or other material) for play area surface, Improvements to existing courts or playground equipment, New spaces (dog play area, renovated track or field space, surface for skateboarding/rollerskating)",Tear down the park house and put up a self cleaning bathroom if you have to have anything there. Wasted space as it’s never open and I wouldn’t go in there even if it was.
13/05/2026 09:09:34,anon_fa19f2626b,Please fix Government Road!   It has been out of commission for a long time and is a vital thouroughfare.,fix the bathrooms ,"Restrooms and water fountain access, and other santitation improvements, Additional landscaping (trees and plantings) and/or hardscaping (surfaces, shade structures), Water feature (splash pad or cooling features)",Please fix Government Road!
13/05/2026 09:20:07,anon_227a1bf86c,"I find it hard to believe that a proposal such as this was able to be quickly pushed through, while improvements to our sidewalks and street safety seem to be moving at a snails pace. ","I think there is a more than fair amount of pétanque space currently in the park. I think the grassy area should be re-sod so it’s not gravelly, and can be more of a mixed use space, perhaps an additional soccer goal! ","Restrooms and water fountain access, and other santitation improvements, Additional landscaping (trees and plantings) and/or hardscaping (surfaces, shade structures), Expand one or more existing uses (basketball/petanque/tennis courts/playground equipment/picnic tables/community garden)","Nothing against the pétanque club! I think they were absolutely within their rights to make their proposal, however k believe the city is at fault here for not bringing the proposal to the community. "
13/05/2026 11:04:48,anon_c8e92c502e,"Why is the city website not up to date on who makes up the Recreation and Parks Advisory Boards? Is Newbille a representative for this board? Help us to understand how information gets disseminated from these boards and standing committees to district representatives where these plans would be addressed? Does Newbille think it's acceptable that the only public comment period for this project was when it was requested in an INSPIRE workshop meeting that wasn't even publicized by her outside of the 7th District meeting? I understand as a member of my community, I have to be engaged in the process, but I do not see our representative even allowing for this engagement when they won't even communicate with us. 

As a resident of the 7th District I am becoming increasingly frustrated at the lack of communication from my representative. This easily could have been avoided if their was any communication available to us. For 17 years we've had this lack of communication from our representative. Seemingly the only way to have a chance to talk, would be during small windows before the District community meeting. As someone who commutes 3 hours a day for work, I can't always make these meetings. We have been promised on and off two years now some form of a district newsletter and still have nothing. I ask that please, look to your fellow district representative colleagues on how to better effectively communicate and make yourself available to the community you represent.","Address maintenance, health and safety needs in the park before any space is expanded or developed.","Restrooms and water fountain access, and other santitation improvements, Improvements to existing courts or playground equipment, Renovate park house (have staffing/equipment weekends/Summer for all users)",I appreciate how engaged everyone is with this process. I appreciate the grass roots organizing that is going into changing things for the better. 
13/05/2026 13:33:00,anon_f09b8db698,"It's important that public notices go up in a way that's easy to see - for park users and neighbors before their access to that green space is taken away. I have no problem with petanque, but there are already courts there...are those being removed or upgraded? If they aren't being upgraded, will the space they took up be renewed for other park use? Please be transparent with what is happening in our neighborhood public spaces so it doesn't give off the air of being sneaky and doing back room dealings. I would love for there to be a public sand volleyball court in this space but I don't know how to suggest that. Others in the neighborhood might have suggestions as well. Please share how the neighborhood can all participate in park updates / changes that affect us all. Thank you for listening!","Find a way to build the new petanque courts, and remove the old ones for other park use.","Restrooms and water fountain access, and other santitation improvements, Additional landscaping (trees and plantings) and/or hardscaping (surfaces, shade structures), New spaces (examples - renovated track/field space, surface for skateboarding/rollerskating, dog play area), Volleyball court - see above suggested for new spaces",I have nothing against any group or club. But when things proceed with minimal notice it can cause suspicion about what's going on and why. Thank you for encouraging this dialog!
13/05/2026 14:26:31,anon_4d0bcc50b3,Thanks for paying attention to this. The Chimborazo Playground is a public space used and loved by so many members of the community. Greater public input - and consideration for the uses of a broader community base - should be considered before any further modifications are made.,"Options 1, 2 and maybe 3!","Restrooms and water fountain access, and other santitation improvements, Mulch (or other material) for play area surface, Improvements to existing courts or playground equipment","I walked by the park today as I often do and was struck by how much surface area, including the two petanque courts that are closest to basketball courts (one with ""surprise hoop"" now), is now covered over in hard gravel space. This is simply bizarre for a public park used by SO many people. I am not against petanque (at all! I think it's cool!) but I believe the current number of courts is appropriate for usage, and it blows my mind that the city went ahead and started building more, when that green space is precious and there are so many other ways they could improve the park. Step number one, please improve the sad sad ground cover at the playground."
13/05/2026 15:50:49,anon_9d7de4e3e4,I am very unhappy about the recent construction on the grass fields at chimborozo playground as a local student who go there for pe and field day I would like the construction to stop.,"Reverse construction on the new petanque courts, and redirect resources to other improvements.","Expand one or more existing uses (basketball/petanque/tennis courts/playground equipment/picnic tables/community garden), Mulch (or other material) for play area surface, Restrooms and water fountain access, and other santitation improvements",that i love going up there with my class and having fun outside of school property.
13/05/2026 15:55:25,anon_3aa70f663b,,"Reverse construction on the new petanque courts, and redirect resources to other improvements.",expand the soccer fields so there is more room to play/reverse it back to grass,
13/05/2026 15:55:52,anon_1c72a6a2b7,,Share full plans and invite public review and input before adopting any changes.,"Mulch (or other material) for play area surface, Restrooms and water fountain access, and other santitation improvements, Water feature (splash pad or cooling features)",
13/05/2026 15:56:03,anon_1c3d29c6f8,Please don't do things like this without the community's consent.,"Reverse construction on the new petanque courts, and redirect resources to other improvements.","Mulch (or other material) for play area surface, Water feature (splash pad or cooling features), Restrooms and water fountain access, and other santitation improvements, Improvements to existing courts or playground equipment",No.
13/05/2026 15:57:55,anon_7b809059af,can you put it back in to grass pleas,put it to grass,"Water feature (splash pad or cooling features), Restrooms and water fountain access, and other santitation improvements, New spaces (examples - renovated track/field space, surface for skateboarding/rollerskating, dog play area)",
13/05/2026 15:57:58,anon_bef5dfb04d,can you put new bathrooms in please ,put in grass,"Water feature (splash pad or cooling features), Additional landscaping (trees and plantings) and/or hardscaping (surfaces, shade structures), Restrooms and water fountain access, and other santitation improvements",
13/05/2026 16:00:36,anon_bb501ecdc3,"I'm very upset about the installation of the gravel in the grass area. As a local school attendant that uses the park for P.E. I am very sad, and annoyed about this. ",Share full plans and invite public review and input before adopting any changes.,"Restrooms and water fountain access, and other santitation improvements, make the basketall cortes better",please make streets better
13/05/2026 16:34:40,anon_ab9fcc6dfe,,"Reverse construction on the new petanque courts, and redirect resources to other improvements.","Restrooms and water fountain access, and other santitation improvements, Mulch (or other material) for play area surface, Water feature (splash pad or cooling features)",
13/05/2026 16:39:42,anon_950e473e3a,"I think the courts are a fun unique use of the space. People use them, no question. The notice and comment period were not well handled by the city and you all could do better next time. But go ahead and finish the courts. There is a boatload of green space at Chimborazo park a block away, these courts will not realistically affect community access to green space.","Go ahead and finish the courts, no sense in having a paused construction site lingering there. Next time be better about public notice ahead of time.","Restrooms and water fountain access, and other santitation improvements, Renovate park house (have staffing/equipment weekends/Summer for all users), Expand one or more existing uses (basketball/petanque/tennis courts/playground equipment/picnic tables/community garden)","We have bigger fish to fry (flock cameras, code refresh panel lacks anyone from this part of town, getting through a winter without shutting the city down for two weeks, etc.)"
13/05/2026 16:47:07,anon_f1207c7f8e,"I am writing to express my serious concerns about the decision to expand pétanque courts at Chimborazo Playground. This project moved forward without meaningful input from the broader community — the very residents who rely on this park every day. The land broken up for these courts was previously open green space accessible to everyone: children playing, families gathering, neighbors exercising. Redirecting that shared resource toward a niche game enjoyed by a small number of users, without a transparent public process, was an inappropriate use of city parkland and a failure of the community engagement that residents deserve.

Thank you sincerely for pausing construction and committing to a community conversation. I ask that you take the next step and permanently abandon the pétanque expansion project. Furthermore, I urge the city to restore the disturbed land to its original condition as a grassy open field — a space that belongs to all residents, not just a select few. Chimborazo Playground should serve the whole community, and I trust that you will act on that principle.","Reverse construction on the new petanque courts, and redirect resources to other improvements.","Improvements to existing courts or playground equipment, Additional landscaping (trees and plantings) and/or hardscaping (surfaces, shade structures)",Please do not allow small interest groups like the Petanque Boulefrogs to behave as if they are the sole users and proprietors of Chimborazo Playground. It is a community asset and not tiny group should not be allowed to determine how the park is used.
13/05/2026 17:01:18,anon_a5c966188a,"I would like answers to questions I have: Who is responsible for oversight and accountability of “Friends of” groups associated with public parks?
What standards does the City use to determine whether outreach for park projects has been sufficient and representative?
What mechanisms exist for residents to raise concerns about transparency, governance, or potential conflicts of interest involving these organizations?
Will there be additional opportunities for public input beyond the May 19 meeting before any future decisions are made?","Reverse construction on the new petanque courts, and redirect resources to other improvements.","Mulch (or other material) for play area surface, Water feature (splash pad or cooling features), Restrooms and water fountain access, and other santitation improvements", It would be wonderful if we had an alternative to the mulch and dirt on the playground. I always have to give my child a bath after using the playground because she becomes filthy and covered in dirt every time. 
13/05/2026 17:06:57,anon_bc77639ace,,,"Renovate park house (have staffing/equipment weekends/Summer for all users), Water feature (splash pad or cooling features), Restrooms and water fountain access, and other santitation improvements",
13/05/2026 17:13:43,anon_adfa81f099,Thanks for listening. I wasn’t aware that there were funds available to make improvements to the park area and I do believe the money would be better spent on facilities that more neighbors use as opposed to the small group of people who play pétanque.,"Reverse construction on the new petanque courts, and redirect resources to other improvements.","Improvements to existing courts or playground equipment, Renovate park house (have staffing/equipment weekends/Summer for all users), Mulch (or other material) for play area surface, Expand one or more existing uses (basketball/petanque/tennis courts/playground equipment/picnic tables/community garden)","The state of the playground mulch is unacceptable and unsafe with the exposed roots of the tree. Obviously the tree is needed, but adding a sufficient amount of mulch should resolve the tripping hazards and promote the health of the tree."
13/05/2026 17:36:26,anon_9b4fe6f786,"It is crazy that we have to fill out Google forms to make sure our voices are heard. Show up for your community without us having to ask, especially before any huge changes to a neighborhood area are made","Reverse construction on the new petanque courts, and redirect resources to other improvements.","Water feature (splash pad or cooling features), Additional landscaping (trees and plantings) and/or hardscaping (surfaces, shade structures), Renovate park house (have staffing/equipment weekends/Summer for all users)",Thank you to those who have organized this effort  ✊
13/05/2026 17:40:04,anon_f662984c9d,Expanding facilities for such a small group of users (duration of use notwithstanding) seems like an odd choice - especially when expansion actually removes footprint from general use. Neighborhood space should be enhanced in ways that benefit the neighborhood residents before special groups get any type of prioritization.,"Address maintenance, health and safety needs in the park before any space is expanded or developed.","Additional landscaping (trees and plantings) and/or hardscaping (surfaces, shade structures), Improvements to existing courts or playground equipment, Restrooms and water fountain access, and other santitation improvements, How about space that would facilitate regular farmers markets?",
13/05/2026 17:54:42,anon_b1b0f05f64,,"Address maintenance, health and safety needs in the park before any space is expanded or developed.","Mulch (or other material) for play area surface, Improvements to existing courts or playground equipment, Additional landscaping (trees and plantings) and/or hardscaping (surfaces, shade structures), Restrooms and water fountain access, and other santitation improvements",
13/05/2026 18:33:52,anon_3ee7d04a48,"None of the choices below allow continuation of the current project. This is not Democracy as claimed,  it is a biased survey. You have to use « other » to support proceeding as planned. ","Follow the current plan, finish the courts and the associated improvements that are part if it, which include replacement for the current children’s area surface. ","Renovate park house (have staffing/equipment weekends/Summer for all users), Restrooms and water fountain access, and other santitation improvements, Mulch (or other material) for play area surface, Expand one or more existing uses (basketball/petanque/tennis courts/playground equipment/picnic tables/community garden), Improvements to existing courts AND playground equipment for children. This choice is missing above. ",This survey is biased as was the last one and every opinion piece published.   
13/05/2026 18:37:09,anon_070d69901a,"Do not allow the expansion of the Pentanque courts to move forward. I went over to loook at the footprint for the expansion, and it takes up the whole park!  It's ugly, It's going to add to the heat index in the park, and it will not be utilized enough to make this worth it's while.  the Petanque Courts should never have  gone in that park in the first place twenty years ago.  A small group of rich newcomers copted that park as their private club.  If they want a Pentanque Court so bad, put it in their million dollar backyards next to their pool and invite thier club to play there.  I'm a 33 year resident of CH.",Remove the Pentanque Courts all together and develop the land that is family and kid friendly.  The Petanque Mafia has reigned long enough.,"Renovate park house (have staffing/equipment weekends/Summer for all users), Additional landscaping (trees and plantings) and/or hardscaping (surfaces, shade structures), Water feature (splash pad or cooling features), Do NOT put bathrooms in the park.  This will attract drug addicts, sex workers, and other problem populations.  Bathrooms will not be supervised or cleaned regularly, and it is dangerous for children to be around that.",
13/05/2026 18:41:26,anon_2b46a7b587,The construction of the new courts is in line with community created plans and continued delay is a waste of taxpayer dollars and precious community time/attention.,Build the Petanque courts as planned,"Mulch (or other material) for play area surface, Restrooms and water fountain access, and other santitation improvements, New Petanque courts ",
13/05/2026 18:41:55,anon_7857cdcb9e,Thank the City Parks Department for all its hard work improving our Parks,Finish building the new courts and proceed with the other playground improvements as planned.,"Mulch (or other material) for play area surface, Restrooms and water fountain access, and other santitation improvements, Expand one or more existing uses (basketball/petanque/tennis courts/playground equipment/picnic tables/community garden), Renovate park house (have staffing/equipment weekends/Summer for all users), Additional landscaping (trees and plantings) and/or hardscaping (surfaces, shade structures)","The Petanque Club has been working for years to improve Chimborazo Playground and its facilities. Regular clean up days, fundraising for additional playground equipment, advocating for repairing the water fountain"
13/05/2026 18:44:04,anon_f00e244611,,"Build as planned, be more transparent in future.","Additional landscaping (trees and plantings) and/or hardscaping (surfaces, shade structures)",
13/05/2026 18:56:09,anon_45cfa2c713,"Thank you for supporting the Boulefrogs in their growth! Due to the city's historic lack of transparency, sharing the plans with residents of the 7th would go a long way. There has been a lot of assumption/misunderstanding/misinformation about the expansion that has caused avoidable tension among neighbors. Had these plans been readily shared/accessible this could have been avoided. ",Build the new petanque courts as planned only after sharing full plans for public review and notice.,"Restrooms and water fountain access, and other santitation improvements","As I understand this, it's just an extension of the existing setup (it's taking ~1/3 of the current grassy/gravel space for the buildout, smaller than the cage of the tennis court, and people are usually not actively in that space [as opposed to the playground/tables/various courts])  I believe they had significant pushback when trying to build out the initial courts as well, but they've been the largest group supporting the cleanup of the park since before then when it was in relative disarray; they run seasonal clean-ups of the park.  the added courts are also a provision for the school showcases, the petanque group gets kids from schools to come out and show them the game a few times a year. overall a solid program, but historically lacking space for all the kids to play"
13/05/2026 19:15:29,anon_a959ff647b,,"Reverse construction on the new petanque courts, and redirect resources to other improvements.",Improvements to existing courts or playground equipment,
13/05/2026 19:37:39,anon_0e983f543c,"Decisions like this should rely to a degree on public input but also I should be able to trust the city's urban planners and parks experts to know this is not an acceptable use of city space or funds. There is no reason a niche activity project EXPANSION should ever have been approved over maintenance for tax payer funds. How is the city going to utilize internal knowledge of communities, planning and best park practices in order to stop these types inequitable projects from happening in the future?  ","Address maintenance, health and safety needs in the park before any space is expanded or developed.","Water feature (splash pad or cooling features), New spaces (examples - renovated track/field space, surface for skateboarding/rollerskating, dog play area), Restrooms and water fountain access, and other santitation improvements",
13/05/2026 19:51:07,anon_09cb192bc3,,"Reverse construction on the new petanque courts, and redirect resources to other improvements.","Restrooms and water fountain access, and other santitation improvements, Improvements to existing courts or playground equipment",
13/05/2026 19:54:44,anon_66d1010998,"The Petanque club of Church Hill has had douzaines of members over the years; very young to older and much older! It is a game for everyone to enjoy as no training is necessary. All that try it, love it! Give it a try!",Build the new petanque courts as planned only after sharing full plans for public review and notice.,"Additional landscaping (trees and plantings) and/or hardscaping (surfaces, shade structures), Expand one or more existing uses (basketball/petanque/tennis courts/playground equipment/picnic tables/community garden), Restrooms and water fountain access, and other santitation improvements",This is a game for the neighborhood to play together. To discover people in the neighborhood and become friends
13/05/2026 20:09:24,anon_804fd3231b,"Thank goodness for the petanque club.  It provides outdoor fun social connection for all ages. For senior citizens, it is a lifesaver for many.   For college students, it can also be a break from social media and a face to face social connection.  Kids can play. Everyone is welcome.  The club has helped save the park, clean the park, helps lost or hurt kids, has helped adults with car problems, and has never ever taken away from the park.  The club encourages everyone of all ages to play and have fun.  ","Finish new courts, keep existing courts. ","Restrooms and water fountain access, and other santitation improvements","Petanque club is totally a positive factor for this park and the city.  The new courts increase their positivity for youth, young people and seniors to have a place to play. "
13/05/2026 20:13:05,anon_b26706b33b,The petanque courts are used regularly by committed community members who want to grow their sport and make Chimborazo a more vibrant gathering place. This group is actively invested in bringing more youth into petanque.,Finish building the new approved courts and keep the existing courts.   ,Expand one or more existing uses (basketball/petanque/tennis courts/playground equipment/picnic tables/community garden),
13/05/2026 20:30:29,anon_7216889861,I feel as through this process has not been transparent and does not take into account the needs of the community. Listening solely to the loudest voices in the room does a disservice to our neighbors. ,"It depends on how much money has already been spent on construction. I don't want the City to waste resources. If significant expenditures have already been made, then find a way to finish the new courts but remove the old ones to ""replace"" the green space. If not much has been spent, redirect resources to other improvements. ","Expand one or more existing uses (basketball/petanque/tennis courts/playground equipment/picnic tables/community garden), Restrooms and water fountain access, and other santitation improvements, Water feature (splash pad or cooling features), Additional landscaping (trees and plantings) and/or hardscaping (surfaces, shade structures)","A true majority of our neighbors will not participate in this survey, but that doesn't mean their opinions should be discounted. Take a look at hoe existing park space is being used. On an average weekend or evening, you see kids playing in the playground, adults and teens playing basketball, and seniors, adults, and kids playing tennis, and a wide range of community members using the garden. THOSE are the best uses. Additionally, green space is critical to reducing the temperature in our neighborhood. "
13/05/2026 20:38:45,anon_ed64f6f25f,,"Reverse construction on the new petanque courts, and redirect resources to other improvements.","New spaces (examples - renovated track/field space, surface for skateboarding/rollerskating, dog play area), Water feature (splash pad or cooling features), Improvements to existing courts or playground equipment",
13/05/2026 20:50:59,anon_b39cdebadf,"As a local school, we use this park for physical education/sports/play time. The loss of the grass field WITHOUT NOTICE OR CONVERSATION made both the students and staff feel unwelcome as well as unimportant in the community. We see more use in the tennis court, basketball court, and the playground than we ever see in the petanque court. Why not maintain or expand on the courts/areas that are used frequently? The basketball nets are broken!! There is only one tennis court! ","Share full plans and invite public review before adopting changings, AND adress maintenance, health, and safety needs BEFORE ADDING NEW COURTS. Especially courts that are HARDLY utilized. ","Improvements to existing courts or playground equipment, Restrooms and water fountain access, and other santitation improvements, Maintained grassy area that has no gravel or rocks. LARGE field to run in","As a local school, we use this park for physical education/sports/play time. The loss of the grass field WITHOUT NOTICE OR CONVERSATION made both the students and staff feel unwelcome as well as unimportant in the community. We see more use in the tennis court, basketball court, and the playground than we ever see in the petanque court. Why not maintain or expand on the courts/areas that are used frequently? The basketball nets are broken!! "
13/05/2026 20:51:46,anon_5e8bd763e6,"The local elementary school children barely have any green space as it is. Church Hill several degrees hotter than the other neighborhoods. Spend money on trees, spend money on traffic calming in the neighborhood. There are many parks that are barely maintained in the neighborhood. The track space around oakwood playground shouldn’t be gravel. ","Reverse construction on the new petanque courts, and redirect resources to other improvements.","New spaces (examples - renovated track/field space, surface for skateboarding/rollerskating, dog play area), Additional landscaping (trees and plantings) and/or hardscaping (surfaces, shade structures)",
13/05/2026 20:52:14,anon_0dfb88e5e2,"There needs to be a process in place for public notification regarding changes to public parks.Like zoning uses for changes. 
","Share plans and invite public review, while also addressing the maintenance and renovation of the bathroom building. Or demo it.","New spaces (examples - renovated track/field space, surface for skateboarding/rollerskating, dog play area), Restrooms and water fountain access, and other santitation improvements, Renovate park house (have staffing/equipment weekends/Summer for all users)",Needs to be a process for public notification of changes in public parks. These are all out tax dollars and we should have input on how they are spent
13/05/2026 21:23:33,anon_961c3dc89a,"Thank you for hearing our distress about our playground. It is a playground for all the neighborhood, and we all deserve knowledge about plans for the playground.","Address maintenance, health and safety needs in the park before any space is expanded or developed.","Renovate park house (have staffing/equipment weekends/Summer for all users), Mulch (or other material) for play area surface, Restrooms and water fountain access, and other santitation improvements",Communication needs to go in both directions
13/05/2026 21:44:43,anon_55c3300631,"I’m onboard with fast-tracking improvements to existing features with prior approval, such as upgrading equipment, resurfacing, etc. I’m even ok with giving small expansions an automatic green light. Additional layers of bureaucratic process shouldn’t be the default solution to every problem, but this is not acceptable. In my opinion, if a proposed enhancement to a park feature would expand its overall footprint by more than ~30% of the originally approved footprint, OR the enhancement would expand its footprint to more than ~20% of the total improvable land within the park, OR the enhancement would limit future expansion of adjacent features in the same proportion to the proposed increase in footprint, it should require public review and comment before it can proceed. Those are ballpark percentages, but I think that would be far more equitable. ",Share full plans and invite public review and input before adopting any changes.,"Restrooms and water fountain access, and other santitation improvements, Mulch (or other material) for play area surface, Expand one or more existing uses (basketball/petanque/tennis courts/playground equipment/picnic tables/community garden)",
13/05/2026 22:10:20,anon_64e0002d9e,Please remove the construction pause and allow the courts to be completed.,Build the courts as plannedd.,Expand one or more existing uses (basketball/petanque/tennis courts/playground equipment/picnic tables/community garden),The expansion of the Petanque courts will allow the Boulefrog club to serve it's growing membership and actively pursue teaching the sport to more students by increasing capacity.
13/05/2026 22:23:37,anon_2cefe5dacb,,Share full plans and invite public review and input before adopting any changes.,"Additional landscaping (trees and plantings) and/or hardscaping (surfaces, shade structures)","There’s room for both basketball and petanque in the park. But yeah, plans should be made public and input from the community heard before projects are started."
13/05/2026 22:38:14,anon_b257fd0ff4,,"Reverse construction on the new petanque courts, and redirect resources to other improvements.","Water feature (splash pad or cooling features), Restrooms and water fountain access, and other santitation improvements, Improvements to existing courts or playground equipment","Chimborazo elementary and other neighboring elementary schools have used the grassy field and open space for field day and community events, for kids to play soccer or other field games. It would be sad to see that areas replaced with courts for a sport(?) that is not relevant to most kids or our neighborhood’s predominant demographic. "
14/05/2026 02:20:09,anon_93bbfdd8d7,Director Frelke:  The earth movers took folks by surprise.  The subsequent opposition to the Pétanque expansion is out of proportion to the lapse in communication that occurred. Misinformation further drove emotion that was out of proportion to the surprise of the planned and approved expansion.   Demanding that the court be dug ip is punitive.   Dragging City officials for not appearing on a short notice to appear at a rally on Mothers Day is juvenile.   ,"Share the timeline, process and plan.  Complete the courts.   Learn how to engage folks as plans turn into action",Protesters need to review the work and plans under development by the Friends of Chimborazo Playground and results of Richmond Inspire before considering the setting of priorities ,"To the neighbors:  The City always had room to improve.  Parks and Tec had been among the most responsive and sensitive departments in the City.  I know this because when when I have a concern, I educate myself and contact the department.  I always receive a reply.  This prevents me from making false assumptions and ping straight to attack mode when I am surprised.  There was a disconnect among the Boulfrogs and the City to communicate a long standing plan.   This has a direct fix.  Demanding a reversal of the project that went through all the approval steps is absurd.  Neighbors are encouraged to become familiar with the Park’s strategic plan as a  first step before easing time making uninformed demands"
14/05/2026 04:54:11,anon_9e789202db,"Personally I find the lack of communication to be incredibly disturbing, especially as we are going into the time of year when this playground sees the most use. Field days and summer/spring activities will both be affected by this, and we were given no notice. Frankly, turning one of our only playgrounds into a tournament's ready space for a sport mostly played by adults is absolutely bonkers to me, and I personally do not think the space is a valid sacrifice.","Reverse construction on the new petanque courts, and redirect resources to other improvements.","Mulch (or other material) for play area surface, New spaces (examples - renovated track/field space, surface for skateboarding/rollerskating, dog play area), Restrooms and water fountain access, and other santitation improvements, Improvements to existing courts or playground equipment",I wish we’d stop fixing things that aren’t broken and see more to the basic requests that we have in our parks. Such as the port-a-potties all over instead of sanatizable bathrooms.
14/05/2026 05:23:31,anon_776dc2d284,,"Restore the lawn space at Chimborazo playground. Build the courts at a different park-- Oakwood Playground, Gillies Park, etc","Improvements to existing courts or playground equipment, New spaces (examples - renovated track/field space, surface for skateboarding/rollerskating, dog play area), Mulch (or other material) for play area surface","If it is determined that the courts should be built, please do not use the limited lawn space at Chimborazo Playground. Instead, build at a different park that has more flexible space."
14/05/2026 06:17:54,anon_f3dd66bedd,Thank you for working hard to hear folks out and try to come up with solutions that work a little for everyone.,Finish building the new courts and proceed with the other playground improvements as planned.,"Restrooms and water fountain access, and other santitation improvements, Expand one or more existing uses (basketball/petanque/tennis courts/playground equipment/picnic tables/community garden), Additional landscaping (trees and plantings) and/or hardscaping (surfaces, shade structures)",
14/05/2026 06:19:21,anon_722cc878b5,,"Address maintenance, health and safety needs in the park before any space is expanded or developed.","Restrooms and water fountain access, and other santitation improvements, Expand one or more existing uses (basketball/petanque/tennis courts/playground equipment/picnic tables/community garden)",
14/05/2026 08:00:47,anon_4056a4f124,"The lack of communication with the community around this project was not ok. However, I can think about 10 other things that I would prioritize over this (clean water, trash, road safety, clearing roads in the winter, etc). The overreaction of a section of the community is disappointing. There are acres of green grass less than 2 min away in Chimborazo Park. The courts will build community. Next time just communicate better. ","Find a way to build the new petanque courts, and remove the old ones for other park use.","Restrooms and water fountain access, and other santitation improvements, Renovate park house (have staffing/equipment weekends/Summer for all users), New spaces (examples - renovated track/field space, surface for skateboarding/rollerskating, dog play area)",
14/05/2026 08:31:45,anon_2dd5adc270,"There needs to be a process established for City parks, playgrounds and other amenities that is a neighborhood-centric approach which prioritizes local residents, placing their needs, voices, and well-being at the heart of planning, design, and development. ",Build the new petanque courts as planned only after sharing full plans for public review and notice.,A play field that continues the thought process behind the installation of the soccer goal (with a safer goal than one currently there). It would serve as an extension of the existing playground. ,
14/05/2026 09:04:06,anon_8d82624933,"Thank the City Parks Department for all its hard work improving our Parks!
",Finish building the new courts and proceed with the other playground improvements as planned.,"Restrooms and water fountain access, and other santitation improvements, Expand one or more existing uses (basketball/petanque/tennis courts/playground equipment/picnic tables/community garden), Additional landscaping (trees and plantings) and/or hardscaping (surfaces, shade structures)","The Petanque Club has been working for years to improve Chimborazo Playground and its facilities. Regular clean up days, fundraising for additional playground equipment, advocating for repairing the water fountain."
14/05/2026 09:20:13,anon_93e2373868,The project seems fine but would appreciate notice in advance,Build the new petanque courts as planned only after sharing full plans for public review and notice.,"Renovate park house (have staffing/equipment weekends/Summer for all users), Restrooms and water fountain access, and other santitation improvements, Expand one or more existing uses (basketball/petanque/tennis courts/playground equipment/picnic tables/community garden)","I support this effort, building the courts and revitalizing the rest of our parks will liven the neighborhood. Hopefully crime will also decrease in these public spaces so more people feel safe to use them"
14/05/2026 09:33:00,anon_6bba418c58,,"By unpausing, and following the current plan of improvements to both the pétanque courts and the children’s area, the council would be continuing their good work for residents of all ages. ","Restrooms and water fountain access, and other santitation improvements, Renovate park house (have staffing/equipment weekends/Summer for all users), Expand one or more existing uses (basketball/petanque/tennis courts/playground equipment/picnic tables/community garden)",
14/05/2026 09:40:36,anon_ca6c6eca69,Please resume the construction of the new petanque courts in order to stop increased expense for this project.,Resume construction of the project.,"Restrooms and water fountain access, and other santitation improvements, Continued ability to use the petanque courts for an increasing demographic of people.",I support the construction of the additional petanque courts to provide the ability to host more people and games. I think construction should resume as soon as possible and I do not think further conversation about this is an effective use of taxpayer funds.
14/05/2026 09:44:27,anon_770e528729,That I wish there had been opportunity for community members to know about this and comment before construction started. ,Share full plans and invite public review and input before adopting any changes.,"Restrooms and water fountain access, and other santitation improvements, Improvements to existing courts or playground equipment, Expand one or more existing uses (basketball/petanque/tennis courts/playground equipment/picnic tables/community garden)",We are fortunate to have such a wonderful parks and rec system here in the city. We'd just like a little more transparency before major changes 
14/05/2026 10:13:59,anon_972bc64133,I am excited for any and all improvements to the playground.,Build the new petanque courts as planned only after sharing full plans for public review and notice.,"Additional landscaping (trees and plantings) and/or hardscaping (surfaces, shade structures), Restrooms and water fountain access, and other santitation improvements",
14/05/2026 10:28:39,anon_f9ee8b44c8,"How is it possible this project got so far along with no one in the community knowing about it? The playground is in desperate need of new mulch as a safety issue with the tree roots. Additionally, I have reported the existing wooden boat play structure as being full of wasps/hornets for 3 summers in a row. This playground is packed every weekend and has had no maintenance that I’ve seen. With no green space, what happens to the picnic tables and grills people use for parties? ","Reverse construction on the new petanque courts, and redirect resources to other improvements.","Mulch (or other material) for play area surface, Water feature (splash pad or cooling features), Improvements to existing courts or playground equipment",
14/05/2026 10:31:02,anon_11cd182922,Thank you for your support.,The current plan should be completed as approved and already started. Improvements to the children’s area are included in this option.,"Renovate park house (have staffing/equipment weekends/Summer for all users), Restrooms and water fountain access, and other santitation improvements, Expand existing uses and provide improvements to the children’s area. ",The park is for the enjoyment of everyone. The listed options in some  cases seemed biased.
14/05/2026 10:31:34,anon_fb6006e038,"Please complete the Pétanque courts as planned and approved by the City of Richmond’s Department of Parks, Recreation and Community Facilities. They are good plans and greatly improve the usability of the playground for all. ",Please complete the courts as planned. They have already been reviewed.,"Additional landscaping (trees and plantings) and/or hardscaping (surfaces, shade structures), Expand one or more existing uses (basketball/petanque/tennis courts/playground equipment/picnic tables/community garden), Restrooms and water fountain access, and other santitation improvements",
14/05/2026 11:25:10,anon_4a8f100d24,Thanks for your support of our parks and faithful service to richmond.,We want pickleball courts.,"Restrooms and water fountain access, and other santitation improvements",2 things can be true at once - life is not a zero sum game.  pétanque can be awesome and other things can be awesome at the same time.
14/05/2026 11:28:57,anon_a7e0aeed74,Thank you for your long history of supporting the pétanque club’s efforts to improve the community playground.,Continue with construction as planned which includes both improvements for both the pétanque courts and the children’s playground area.,"Expand one or more existing uses (basketball/petanque/tennis courts/playground equipment/picnic tables/community garden), Renovate park house (have staffing/equipment weekends/Summer for all users), Improvements for the pétanque courts and the playground area",
14/05/2026 11:47:30,anon_adf8ded604,Continue with plans to complete Petanque courts. ,Continue building Petanque courts as planned. ,"Improvements to existing courts or playground equipment, Expand one or more existing uses (basketball/petanque/tennis courts/playground equipment/picnic tables/community garden), Additional landscaping (trees and plantings) and/or hardscaping (surfaces, shade structures)",
14/05/2026 11:49:29,anon_0e4db1d0f4,,Build the new petanque courts as planned only after sharing full plans for public review and notice.,"Restrooms and water fountain access, and other santitation improvements, Additional landscaping (trees and plantings) and/or hardscaping (surfaces, shade structures)","The reaction to all this has been a bit over the top. Yes, neighbors and residents should be made aware of these things but I think it’s awesome a group was able to advocate for and receive the resources for upgrading the park. Maybe it doesn’t serve everyone but it didn’t take anything away from other users. It didn’t destroy the courts or playground, it didn’t remove any trees. There isn’t a way to make everyone happy with every single park change and it’s cool they got city support in the first place. Ostracizing this group and turning it into this spectacle works against our goal of increasing resources and beautifying our parks for all. If folks are worried about open green space, they can walk literally one block in either direction to Chimborazo or Libby Hill. Let the petanquers have their fun. "
14/05/2026 12:00:46,anon_8da84d612c,I appreciate that they committed resources to expanding opportunities for community members to connect through shared play and encourage them to increase transparency around decision making in the future. ,Build the new petanque courts as planned only after sharing full plans for public review and notice.,"Improvements to existing courts or playground equipment, Additional landscaping (trees and plantings) and/or hardscaping (surfaces, shade structures), Expand one or more existing uses (basketball/petanque/tennis courts/playground equipment/picnic tables/community garden)",
14/05/2026 12:09:04,anon_db98102d55,"Hello Counsil Woman Newbille & Director Frelke

I believe much of the frustration surrounding the new petanque courts is the result of a communication and transparency failure from the City and Parks Department, not from the petanque community itself.

There appears to have been little visible public notice at the park, limited outreach to nearby residents, and no clearly communicated phased improvement plan showing how funding and future projects would be prioritized over time. As a result, many residents felt blindsided once construction began. I personally have lived in this area for nearly 2 years and had no idea this project was budgeted or underway. I don’t think most residents are upset that the park is being improved. I think many people are frustrated because they feel caught off guard and unclear on the broader long-term plan for the space.

I would encourage the City and Parks Department to improve public engagement moving forward by:

* posting notices and project timelines directly at the park. this in and of itself would increase visibility and transparency. 
* sharing phased multi-year improvement plans publicly, include a link to the plan on the postings in the park via QR code. 
* clearly communicating budget limitations and project sequencing
* inviting broader neighborhood input before major changes are implemented, give the people an outlet for productive discussion. 

I believe better comms and transparency would have prevented much of the current division within the neighborhood.","Continue the project while Parks shares a clear phased improvement plan, project budget/timeline, and broader long-term vision for the park. Tell residents when restroom and sanitation improvements are expected, explain why the courts were prioritized first, and provide more visibility into government budget and project sequencing constraints.  From a realistic perspective, if pausing construction delays the remainder of the overall project, I would not recommend it. The core issue does not appear to be the courts themselves, but rather that residents were not adequately informed about what was happening, why decisions were made, or what future improvements are planned.","Additional landscaping (trees and plantings) and/or hardscaping (surfaces, shade structures), Renovate park house (have staffing/equipment weekends/Summer for all users), Restrooms and water fountain access, and other santitation improvements, Expand one or more existing uses (basketball/petanque/tennis courts/playground equipment/picnic tables/community garden), Improved public communication, visible park signage, accessible long term planning info should be a priority for all future park projects and improvements. I would also love to see continued investment in the current uses of the park while investing in the next generation of our community through multi use spaces for children/families/neighborhood activities.",I appreciate the opportunity for community input and hope future engagement efforts continue. I would also encourage future surveys and outreach efforts to be structured as neutrally as possible so residents across differing viewpoints feel equally represented in the discussion. Clear communication and transparency from the City and Parks Department will go a long way toward rebuilding trust and reducing unnecessary division within the neighborhood.
14/05/2026 12:27:35,anon_041b4a20b1,,"Reverse construction on the new petanque courts, and redirect resources to other improvements.",Water feature (splash pad or cooling features),"When you have to Google ""petanque"" it's too niche for community resources. "
14/05/2026 12:46:14,anon_31bbb7b9ca,State clearly what the process is for notifying CH residents regarding proposed changes to any park in CH and explain why those procedures were not followed for Chimbo Park project.,Share full plans and invite public review and input before adopting any changes.,"Renovate park house (have staffing/equipment weekends/Summer for all users), New spaces (examples - renovated track/field space, surface for skateboarding/rollerskating, dog play area), Restrooms and water fountain access, and other santitation improvements",I would like Councilwoman Newbille to post on FB timely announcements regarding her meetings with the citizens she represents.
14/05/2026 12:49:52,anon_58bff663f9,,"Address maintenance, health and safety needs in the park before any space is expanded or developed.","Mulch (or other material) for play area surface, Restrooms and water fountain access, and other santitation improvements","Safety and comfort should be a priority. Right now, the lack of mulch on the playground is creating a safety hazard. The lack of restrooms or water fountains also limits the ability to use the playground. People deserve the dignity of a safe and comfortable park. "
14/05/2026 13:07:56,anon_ce99b4202e,"Communication from the City is often obscure and opaque. Even for those who're active and involved, it can be difficult to keep up or be aware of inbound changes in an area, much less be given the opportunity to provide feedback and comment. This seems to be a systemic problem and is only worse for the average resident who is often very busy. More direct outreach and meeting people where (e.g. Inside the Park itself) they are would go a long way, as well as making it easier for folks to keep up with things relevant to them /in a centralized location/.",Share full plans and invite public review and input before adopting any changes.,"Mulch (or other material) for play area surface, Restrooms and water fountain access, and other santitation improvements, Renovate park house (have staffing/equipment weekends/Summer for all users)","To my neighbors: I am in complete agreement that the City is often lacking in communication and outreach, and this needs to change across various departments. There are too many similar instances of folks being rugged-pulled by surprise changes. Personally, I'm very interested in seeing a full list of potential options and their costs, to help chart the best path forward. Rather than dedicating limited resources towards returning to a subpar status quo, there might be an advantage to pressing this moment of heightened visibility. Use this moment as leverage for larger and essential park improvements (Well-surfaced by this survey). It is likely easier to tackle this if the petanque players can be transformed into allies rather than enemies, especially since they obviously already have ins with the City. This could be an opportunity to get much larger investments in Chimborazo if there's room in negotiations to say, ""This happened, but moving forward: Here's our priorities for the most critical improvements."" Open to thoughts on this point. P.S: Very good survey, more of the kind of communication and outreach that should be done moving forward (Online and in-person, for accessibility)."
14/05/2026 13:07:59,anon_e4c02602fd,Please continue your support of the positive impact the pétanque club has had on the community and park.,Resume construction of the pétanque courts as planned which includes improvements to the playground for children.,"Renovate park house (have staffing/equipment weekends/Summer for all users), Expansion of pétanque courts AND improvements to playground equipment.",
14/05/2026 13:17:51,anon_2d7f125f1f,I don’t always agree with you but thank you for being a public servant and working hard to represent a diverse community with diverse opinions.,Finish the plans for the new Petanque courts. Digging them up would cost taxpayers more money than necessary. In future have better communication .,"Additional landscaping (trees and plantings) and/or hardscaping (surfaces, shade structures), Improvements to existing courts or playground equipment, Restrooms and water fountain access, and other santitation improvements, Finish the build on the pétanque courts. Doing otherwise would be spending more money than planned.",Everyone deserves to play no matter their age. 
14/05/2026 13:29:26,anon_64a4d380f5,"I love playing petanque at Chimborazo playground. It seems to be the most popular organized activity there on a regular basis; though baskerball courts, playground equipment and to lesser extent tennis courts and gardening are also popular.",build petanque courts as planned,"Additional landscaping (trees and plantings) and/or hardscaping (surfaces, shade structures), Restrooms and water fountain access, and other santitation improvements",
14/05/2026 13:34:48,anon_770ec03a2a,Continue with the work as planned.  ,build as planned. address health and safety needs befire new projects are started. ,"Restrooms and water fountain access, and other santitation improvements, Improvements to existing courts or playground equipment",get active in the local groups to help make the future park even better. . get the Church Hill Newsletter and read it.
14/05/2026 14:09:48,anon_49f8133c8e,"Obviously, the Park is for everyone to use.  I think, however, that the bulk of the resources should go to those areas that are used the most - the playground and the basketball courts.  ",Share full plans and invite public review and input before adopting any changes.,"Restrooms and water fountain access, and other santitation improvements, Water feature (splash pad or cooling features), Improvements to existing courts or playground equipment","Obviously, the Park is for everyone to use.  I think, however, that the bulk of the resources should go to those area that are used the most - the playground and the basketball courts.  "
14/05/2026 14:17:58,anon_4f84861882,,"Find a way to build the new petanque courts, and remove the old ones for other park use.","Restrooms and water fountain access, and other santitation improvements, Water feature (splash pad or cooling features), Renovate park house (have staffing/equipment weekends/Summer for all users)","For future park improvements, it would be helpful if parks and recs posted signage regarding potential changes before committing to projects. I’m sure they shared a discussion forum, but if you don’t know where to look to find that info, then you don’t know it exists. Posting signage at the playground would ensure those who use it can actually have input in it. While I feel that adding additional pétanque courts is not necessarily in the best interest of the community space, I can recognize why they are desired for our local group. Since construction has already begun, I think they should be completed, but any further work in this plan should be halted for complete review and revision from the community. "
14/05/2026 14:43:05,anon_19096d8f61,,"Address maintenance, health and safety needs in the park before any space is expanded or developed.","Improvements to existing courts or playground equipment, Mulch (or other material) for play area surface, Water feature (splash pad or cooling features)",
14/05/2026 14:45:42,anon_14623bdbc2,,"Find a way to build the new petanque courts, and remove the old ones for other park use.","Water feature (splash pad or cooling features), Ensuring some open green space for field sports. ",
14/05/2026 15:34:00,anon_63c794e097,"I am a constituent & I support the changes  happening at Chimborazo.  It is not just the courts, but a large court will be completed beside the playground, expanding it for all. The petanque club consistently invites anyone who comes by the courts to play or watch and offers soft boules for kids as well as boules for adults. New courts will allow for a youth club and a growing membership. Thank you for considering this. ",,"Restrooms and water fountain access, and other santitation improvements, Expand one or more existing uses (basketball/petanque/tennis courts/playground equipment/picnic tables/community garden), ","Well, communications could’ve been handled better, this project has been approved and should go forward. To stop now would stop an expansion of the playgrounds, and leave the construction area unfinished and unsafe as well as unattractive to playground visitors and users "
14/05/2026 16:10:49,anon_2ecc1a3cbe,"A real community cannot exist if public spaces are treated as territory to be controlled by a small group rather than shared resources meant to serve everyone. When decisions are driven by insular gatekeeping instead of broad participation, trust erodes and community stops being community.","Reverse construction on the new petanque courts, and redirect resources to other improvements.","Restrooms and water fountain access, and other santitation improvements, Water feature (splash pad or cooling features)","North Church Hill and Chimborazo families believe they aren't welcome here. (I have the survey) - parents drive out to the county to visit playgrounds, skate parks, pools, and splash pads. the nearest community center is 40 minute walk. Can we please come together as a community and work at building up a community for the families, so we don't lose our young and families to the suburbs. "
14/05/2026 16:15:29,anon_f42a12a239,,"Finish the Pétanque courts as part of a park improvement, including playground equipment, bathrooms, and shed building renovation, other items in the original plans submitted","Renovate park house (have staffing/equipment weekends/Summer for all users), Expand one or more existing uses (basketball/petanque/tennis courts/playground equipment/picnic tables/community garden), Restrooms and water fountain access, and other santitation improvements, lol",Communication/coordination of improvement plans need major attention. This did not need to be an upsetting situation.
14/05/2026 16:28:19,anon_1cd7faf53b,How come there are zero parks in Church Hill North or planned for the future?,Share full plans and invite public review and input before adopting any changes.,"New spaces (examples - renovated track/field space, surface for skateboarding/rollerskating, dog play area), Additional landscaping (trees and plantings) and/or hardscaping (surfaces, shade structures), Ignored neighborhood Church Hill North should have a park , if not several pocket parked planned and implemented bc of all the land available currently.","Brick road that exists under current paving should be restored at vital intersections throughout the East to increase esthetic and slow drivers - 25th, Venable & Q ."
14/05/2026 16:36:38,anon_93063174e7,The petanque club does not speak for the whole community. Their interests have been overrepresented and the interests of children and families have been underrepresented by the Church Hill Association. The Friends of Chimborazo Playground group needs to seek input (as it has for other topics) before approving projects that reshape the park. It is not reasonable to give one club control over the park via precedent. ,Share full plans and invite public review and input before adopting any changes.,"Mulch (or other material) for play area surface, Restrooms and water fountain access, and other santitation improvements, Water feature (splash pad or cooling features)",
14/05/2026 17:50:56,anon_4fb17c2085,"The apparent closed project was a little too opaque. I'm not a pétanque player and could handle a couple courts in Chimborazo Playground, but I'm hearing that 4-6 units are being pushed for and that seems excessive.",Share full plans and invite public review and input before adopting any changes.,Renovate park house (have staffing/equipment weekends/Summer for all users),
14/05/2026 18:14:48,anon_5168d0abea,"You likely had no idea this was happening, or you were on one of the teams that plays the game. Sad that anyone would look at the progress of Church Hill and think that the park needs more courts. Have you ever had to wipe your kids but in that porta-potty?","Reverse construction and fix the bathrooms. There is an entire world full of examples of how to keep transients out of the bathrooms, so let's take a page from another city and not for the parents to wipe their kids' butts in a plastic box that holds poop.","Restrooms and water fountain access, and other santitation improvements, Remove the weird ball game that was installed on one of the petanque courts so they can have it back.","To the people who tried to push this through. You don't know your own community. You're not paying attention to the needs of the next generation. You don't seem to be in touch with the adults around you. You don't care enough to find a way to let the children in the park use the bathroom. Now, everyone will despise you for trying this, and it will be another 10 years before anyone forgets you did this. (People still remember the skate park even if I wasn't around for when the courts went in.) Your group is old, so I doubt you'll even be playing the game 10 years from now. Why did you even try?"
14/05/2026 18:41:09,anon_b8bed97509,Thank you so much for helping with this project!,Please continue with the improvement on the pétanque courts in such a lovely community park.  And what a treasure to have the only courts in the city for such a fast growing sport for all age groups ,"Water feature (splash pad or cooling features), Improvements to existing courts or playground equipment, Expand one or more existing uses (basketball/petanque/tennis courts/playground equipment/picnic tables/community garden)",Thank you for taking care to make sure your park is one which a variety of activities for so many to enjoy.   
14/05/2026 18:42:54,anon_b981193116,,All of these are options and should be utilized rather than only being able to select one path forward. Another option is to renovate the current courts.,"Again, I think these are all options.",
14/05/2026 18:50:22,anon_c938bb1408,"Pause the project, let’s focus in on resourcing youth, and families over a specific obscure sport.","Address maintenance, health and safety needs in the park before any space is expanded or developed.","Improvements to existing courts or playground equipment, Restrooms and water fountain access, and other santitation improvements, Expand one or more existing uses (basketball/petanque/tennis courts/playground equipment/picnic tables/community garden)",
14/05/2026 19:02:52,anon_ba10719b71,,Alexander Lyons,"Additional landscaping (trees and plantings) and/or hardscaping (surfaces, shade structures)",
14/05/2026 19:23:36,anon_e8b993686f,Thank you for your public service. ,Share full plans and invite public review and input before adopting any changes.,"Restrooms and water fountain access, and other santitation improvements",
14/05/2026 19:57:13,anon_8b82d19d2c,,Build the new petanque courts as planned only after sharing full plans for public review and notice.,"Restrooms and water fountain access, and other santitation improvements",
14/05/2026 20:28:59,anon_f6d04083fb,Thank you for your attention ,Share full plans and invite public review and input before adopting any changes.,"Additional landscaping (trees and plantings) and/or hardscaping (surfaces, shade structures), Remove park house. Functional gates for closure",
14/05/2026 20:50:40,anon_edeea8b88f,,"Address maintenance, health and safety needs in the park before any space is expanded or developed.","Restrooms and water fountain access, and other santitation improvements, Improvements to existing courts or playground equipment, Additional landscaping (trees and plantings) and/or hardscaping (surfaces, shade structures)",
14/05/2026 21:02:03,anon_7d18630eb9,,Share full plans and invite public review and input before adopting any changes.,"Restrooms and water fountain access, and other santitation improvements, Water feature (splash pad or cooling features), Additional landscaping (trees and plantings) and/or hardscaping (surfaces, shade structures)","I understand the point of all this and I guess I’m technically on y’all’s side, but I wish that we could put this amount of energy and organization into things that actually mattered."
15/05/2026 06:26:04,anon_82854a07d1,,Share full plans and invite public review and input before adopting any changes.,"Restrooms and water fountain access, and other santitation improvements, Water feature (splash pad or cooling features), Mulch (or other material) for play area surface, Improvements to existing courts or playground equipment",
15/05/2026 07:15:06,anon_55ea00da92,"There is no need to add more courts for such a niche game. The playground has plenty of other items that could use repair before using money for new courts, and it seems silly to take away some of the little green space we have in the city. It is a shared space and should be a space where the most amount of people can enjoy it.","Address maintenance, health and safety needs in the park before any space is expanded or developed.","Improvements to existing courts or playground equipment, Additional landscaping (trees and plantings) and/or hardscaping (surfaces, shade structures), Renovate park house (have staffing/equipment weekends/Summer for all users)",
15/05/2026 09:34:53,anon_2b85a78a13,"My name is Rachel Bradford and I'm a teacher at Central Montessori School in Church Hill. The elementary students and myself are actually writing this survey together! They use the playground weekly for tennis and P.E. lessons. Students report falling on the gravel and would like more green space to be able to run and play games, like soccer. But now since the gravel is there, they have less options to play. They do not encourage more gravel spaces. We choose this location for Field Day games every year, and they are sad that we may need to change locations. ","Reverse construction on the new petanque courts, and redirect resources to other improvements.","Renovate park house (have staffing/equipment weekends/Summer for all users), Restrooms and water fountain access, and other santitation improvements, Additional landscaping (trees and plantings) and/or hardscaping (surfaces, shade structures)","Students want to know if the community garden is free and if not, is there an actual space for communal gardening to share for free. Thank you for giving students in the community a space to share their voice! Students like idea of a track space. "
15/05/2026 10:22:58,anon_e27ba210bc,,Continue building pétanque courts as planned,"Improvements to existing courts or playground equipment, Mulch (or other material) for play area surface",
15/05/2026 13:11:37,anon_a1aa1dad0a,,Share full plans and invite public review and input before adopting any changes.,"Restrooms and water fountain access, and other santitation improvements, Improvements to existing courts or playground equipment, Mulch (or other material) for play area surface",
15/05/2026 13:15:32,anon_88bb4a5388,We were promised a dog run at the playground and 3 other locations 4 years ago. The neighborhood completed surveys and we told it was a done deal. Then it was like it never happened.,"Reverse construction on the new petanque courts, and redirect resources to other improvements.","New spaces (examples - renovated track/field space, surface for skateboarding/rollerskating, dog play area)","Church Hill has very few and very small yards, but tons of dogs. The Chimbo dog park has an unresolvable drainage problem. The erosion causes ruts that injure dogs and people. We need space for dogs."
15/05/2026 15:00:07,anon_dd3200d079,Please consider the whole community when making changes to public facilities.,Share full plans and invite public review and input before adopting any changes.,"Mulch (or other material) for play area surface, Restrooms and water fountain access, and other santitation improvements, Water feature (splash pad or cooling features)","This is a relatively small park and very well utilized with a variety of activities. Ttherefore as many people as possible, from all backgrounds, should be consulted when changes are proposed. "
15/05/2026 15:05:11,anon_a0360377e8,,Share full plans and invite public review and input before adopting any changes.,"Water feature (splash pad or cooling features), New spaces (examples - renovated track/field space, surface for skateboarding/rollerskating, dog play area), Restrooms and water fountain access, and other santitation improvements",
15/05/2026 15:21:32,anon_296cb4e355,Please do not prioritize the wishes of a small group with apparently a LOT of time on their hands over the needs of the actual population of Church Hill.,"Reverse construction on the new petanque courts, and redirect resources to other improvements.","Mulch (or other material) for play area surface, Water feature (splash pad or cooling features), Restrooms and water fountain access, and other santitation improvements, Add some bench swings. Improve the grassy area. Add children's play features like the ones just added on Belle Isle.",Please be more diligent with outreach in advance of big changes. A paragraph in CHA newsletter is NOT enough.
15/05/2026 19:36:31,anon_b17de59d2e,I do not believe additional petanque courts are the best use of the (formerly) green space in Chimbo playground. ,"Reverse construction on the new petanque courts, and redirect resources to other improvements.","Restrooms and water fountain access, and other santitation improvements, Additional landscaping (trees and plantings) and/or hardscaping (surfaces, shade structures)",
15/05/2026 22:03:47,anon_ed3fd946e2,"Don’t be ridiculous, build the pétanque courts.   ",Build the pétanque courts,Build the pétanque courts,People have too much time on their hands
16/05/2026 07:22:45,anon_9dfb6d0077,"The way this went down was somewhat sketchy. In your roles as public servants, I expect more responsibility in carrying our your duties. Not only should this plan be given a comment period, but the mechanisms that allowed this to happen without community awareness/input should be reviewed.",Share full plans and invite public review and input before adopting any changes.,"Water feature (splash pad or cooling features), Restrooms and water fountain access, and other santitation improvements, Trees, garden, bird houses/conservation bird boxes",
16/05/2026 08:00:44,anon_14a1f7b3c1,,"Reverse construction on the new petanque courts, and redirect resources to other improvements.","Renovate park house (have staffing/equipment weekends/Summer for all users), New spaces (examples - renovated track/field space, surface for skateboarding/rollerskating, dog play area), Expand one or more existing uses (basketball/petanque/tennis courts/playground equipment/picnic tables/community garden)",
16/05/2026 08:33:55,anon_fae8ee84c6,"I am happy that the pétanque players have courts in Church Hill. But I walk by the park almost daily, sometimes more than once a day, and while I rarely see the existing pétanque courts in use, there are always kids on the playground. For that reason,  I’d prefer to see public money spent upgrading the restroom/water facilities and the playground rather than building even more pétanque courts. I’m happy for public money to finance maintenance of the existing courts along with all the other park amenities but am unclear on why additional courts would be constructed for such a small group of users when there are plenty of upgrades that would benefit so many more residents.","Address maintenance, health and safety needs in the park before any space is expanded or developed.","Restrooms and water fountain access, and other santitation improvements, Improvements to existing courts or playground equipment",
16/05/2026 08:59:02,anon_9dfb6d0077,"I've already filled our the survey, but walking past the park this morning, I have to say...the LAST thing this park needs is more impervious surfaces.",,,"I've already filled our the survey, but walking past the park this morning, I have to say...the LAST thing this park needs is more impervious surfaces."
16/05/2026 11:34:49,anon_ba2042ed28,,Share full plans and invite public review and input before adopting any changes.,"Expand one or more existing uses (basketball/petanque/tennis courts/playground equipment/picnic tables/community garden), Improvements to existing courts or playground equipment, Additional landscaping (trees and plantings) and/or hardscaping (surfaces, shade structures)",
16/05/2026 15:02:38,anon_9daa14228c,"The greenspace has been well loved and used by a variety of community members from children running and playing to families using the space for birthdays, picnics and gatherings. The adjacency to the playground and basketball courts and gardens has allowed this particular plot of land to be very popular and useful for many community members across ages and other demographics. It is important to preserve urban green spaces that are so vital rather than putting it aside for a few people for one highly specific reason for short periods of time.","Reverse construction on the new petanque courts, and redirect resources to other improvements.","Restrooms and water fountain access, and other santitation improvements, Water feature (splash pad or cooling features)",
16/05/2026 16:46:19,anon_3c156c8e61,Thank you for pausing this project and taking Neighbor’s recommendations into account,Share full plans and invite public review and input before adopting any changes.,"Mulch (or other material) for play area surface, Improvements to existing courts or playground equipment",
16/05/2026 17:10:31,anon_f75dd5a7de,,"Address maintenance, health and safety needs in the park before any space is expanded or developed.","New spaces (examples - renovated track/field space, surface for skateboarding/rollerskating, dog play area), Improvements to existing courts or playground equipment, Restrooms and water fountain access, and other santitation improvements",This space is for everyone. Not just one club.
16/05/2026 17:13:31,anon_0bb6893a02,,Share full plans and invite public review and input before adopting any changes.,"Additional landscaping (trees and plantings) and/or hardscaping (surfaces, shade structures), Restrooms and water fountain access, and other santitation improvements, New spaces (examples - renovated track/field space, surface for skateboarding/rollerskating, dog play area)",
16/05/2026 17:16:13,anon_a0cf0c4d17,,phillip perrow,"Water feature (splash pad or cooling features), Restrooms and water fountain access, and other santitation improvements, Renovate park house (have staffing/equipment weekends/Summer for all users)",
16/05/2026 17:25:37,anon_3e614fa063,Why take away from the little green space left when the courts already exists ,Share full plans and invite public review and input before adopting any changes.,"New spaces (examples - renovated track/field space, surface for skateboarding/rollerskating, dog play area), Water feature (splash pad or cooling features), Restrooms and water fountain access, and other santitation improvements, Improvements to existing courts or playground equipment",
16/05/2026 17:46:01,anon_547ee3ba5c,Please let us have more pentaque cpurts.  This eill bring more people to Tichmond. ,Share full plans and invite public review and input before adopting any changes.,"Improvements to existing courts or playground equipment, Expand one or more existing uses (basketball/petanque/tennis courts/playground equipment/picnic tables/community garden)",Richmond
16/05/2026 20:16:25,anon_c768473356,"Please consider input from all of the community, not just from the people with the connections and power.","Address maintenance, health and safety needs in the park before any space is expanded or developed.","Water feature (splash pad or cooling features), Restrooms and water fountain access, and other santitation improvements, Skate park!!","Thank you for organizing this so all of our voices can be heard! My kids use this playground regularly and we would love to have a functioning bathroom, water features, and a skate park! I'm concerned that MORE petanque courts will not serve the majority of people who use chimborazo playground on a regular basis."
16/05/2026 21:19:23,anon_855ce4e404,,"Reverse construction on the new petanque courts, and redirect resources to other improvements.","Additional landscaping (trees and plantings) and/or hardscaping (surfaces, shade structures), Mulch (or other material) for play area surface, Restrooms and water fountain access, and other santitation improvements",
16/05/2026 21:49:17,anon_3cbe086e9f,,Share full plans and invite public review and input before adopting any changes.,"Restrooms and water fountain access, and other santitation improvements, Additional landscaping (trees and plantings) and/or hardscaping (surfaces, shade structures)",
16/05/2026 23:04:43,anon_9bfbbb96a6,"I would like community representation and better communication. Especially with the neighbors that are the least likely to get involved- they have kids, they are kids, families that don’t live close enough to see what is going on in real time. Busy folk, etc. ","Address maintenance, health and safety needs in the park before any space is expanded or developed.",Renovate park house (have staffing/equipment weekends/Summer for all users),Please listen to us. 
17/05/2026 09:04:20,anon_d53e5cd2ef,,Share full plans and invite public review and input before adopting any changes.,"Mulch (or other material) for play area surface, New spaces (examples - renovated track/field space, surface for skateboarding/rollerskating, dog play area), Improvements to existing courts or playground equipment",
17/05/2026 09:06:01,anon_942bbe0113,"I'm a civil/environmental engineer who lives a block away. I believe there's room to expand the existing courts' capacity on the existing footprint while ALSO improving pedestrian accessibility/connectivity across the park. 

The whims of folks who already have infrastructure for their niche activity shouldn't be ignored, but this is a particularly egregious example of why public input should be highly intentional, well advertised,  and done in such a way as to not be able to be interrupted as clandestine. 

Public input aside, I'm not activist on many things but got fired up when I first saw pictures of the expansion. Why would the investment not go towards improving the sad soccer field, or some other amenity with broad appeal?

Just from a raw options standpoint, this is not fitting of a dense neighborhood in need of more turf space and play features. Since seeing it in person, I feel compelled to be more involved and happy to lend my services / thoughts if needed because multi-decade infrastructure on scarce footprints should be diversified, and barring that, at the very least the dominant feature should be able to serve more than a handful of special interest, generally-affluent people.","Reverse construction on the new petanque courts, and redirect resources to other improvements.","Restrooms and water fountain access, and other santitation improvements, New spaces (examples - renovated track/field space, surface for skateboarding/rollerskating, dog play area), Water feature (splash pad or cooling features), Additional landscaping (trees and plantings) and/or hardscaping (surfaces, shade structures), Mulch (or other material) for play area surface, Improvements to existing courts or playground equipment, Expand one or more existing uses (basketball/petanque/tennis courts/playground equipment/picnic tables/community garden), Basically anything other than more rock dust pits/trip hazards","Thank you for diligent efforts to improve things! In time we can go from the ""city of darkness"" to a much less depressing moniker."
17/05/2026 09:24:37,anon_d45a066ecd,,"Reverse construction on the new petanque courts, and redirect resources to other improvements.","Restrooms and water fountain access, and other santitation improvements, Additional landscaping (trees and plantings) and/or hardscaping (surfaces, shade structures), Improvements to existing courts or playground equipment",
17/05/2026 09:32:17,anon_341df2a6bd,"There is already a pétanque court in the playground that had drainage issues and is not used, and it includes a “surprise hoop” that can’t be played because there’s no proper surface. Yet additional dedicated courts were added without meaningful neighborhood outreach. It doesn’t make sense to keep converting shared park space into facilities for a very small group, especially when existing ones are not functioning or being used. Please restore green space and ensure real, broad community input before any further changes are made.","Reverse construction on the new petanque courts, and redirect resources to other improvements.","Renovate park house (have staffing/equipment weekends/Summer for all users), Additional landscaping (trees and plantings) and/or hardscaping (surfaces, shade structures), Water feature (splash pad or cooling features), Mulch (or other material) for play area surface, Restrooms and water fountain access, and other santitation improvements, Improvements to existing courts or playground equipment, New spaces (examples - renovated track/field space, surface for skateboarding/rollerskating, dog play area)",
17/05/2026 09:32:45,anon_abe1950375,Thank you for your time ,Share full plans and invite public review and input before adopting any changes.,"Restrooms and water fountain access, and other santitation improvements, Additional landscaping (trees and plantings) and/or hardscaping (surfaces, shade structures), Expand one or more existing uses (basketball/petanque/tennis courts/playground equipment/picnic tables/community garden), Expand community garden, playground expansion and upkeep and picnick tables","Find the results of the surveys that blanketed the chimborozo park areas in the last few years, 3-5 yrs ago. It's all welcome, petanque, basketball and childrens playground. Having an open field is a good thing! I had no idea that schools use that field for anual outdoor activities. It would be great to hano bve trees on either side of thst field for relief from the summer sun. The neighborhood continues to evolve  and change it seems there are more young families with children that utilize the playground . Skateboarders would be great but dont know where they would go."
17/05/2026 09:33:19,anon_aba08b5bf0,,Share full plans and invite public review and input before adopting any changes.,"New spaces (examples - renovated track/field space, surface for skateboarding/rollerskating, dog play area), Renovate park house (have staffing/equipment weekends/Summer for all users), Additional landscaping (trees and plantings) and/or hardscaping (surfaces, shade structures), Restrooms and water fountain access, and other santitation improvements",
17/05/2026 09:34:03,anon_fdff176ff7,"What is the process and procedure for the city notifying residents about potential construction or pending construction? For example, for the drop shaft replacement that took over a year, we received no more than 2 weeks notification from DPU. This lack of notice is habitual by the city, and what is your plan as city leaders to fix this?

Please provide budget documents for parks projects and this one as well.

Cynthia,

What is your plan to be more accessible to the residents of your district instead of just having your assistant provide boiler plate or responses with no substance?","Address maintenance, health and safety needs in the park before any space is expanded or developed.","Improvements to existing courts or playground equipment, Restrooms and water fountain access, and other santitation improvements, Mulch (or other material) for play area surface",
17/05/2026 09:44:20,anon_4ece797077,"More Community input should have been sought for these upgrades. Holding one community town hall in an entirely separate neighborhood is unacceptable. A community meeting at the park or at one of the local
Schools, flyers posted throughout the neighborhood with a survey, link to the survey in the neighborhood FB group would have all garnered more LOCAL input. The park needs to be utilized by all and not just a well-organized few.","Reverse construction on the new petanque courts, and redirect resources to other improvements.","Restrooms and water fountain access, and other santitation improvements, New spaces (examples - renovated track/field space, surface for skateboarding/rollerskating, dog play area), Water feature (splash pad or cooling features)",Our local community schools- Chimborazo and Bellevue- utilize the park for their annual field days and a joint Hang out on the Hill. We need to keep our green spaces that can be utilized by all instead of building courts for some obscure game no one in the community plays. 
17/05/2026 09:54:10,anon_e76325953e,This is a very important project for the City as well as our neighborhood. There is a plan to form a petanque youth league that has been in the works for the past year. The City has the right to expand its own facilities without naysayers who don't do anything to help maintain the playground the way the petanque team does. ,"Continue the expansion as planned and also address maintenance, health and safety needs including the water fountain and restrooms.","Expand one or more existing uses (basketball/petanque/tennis courts/playground equipment/picnic tables/community garden), Mulch (or other material) for play area surface, Restrooms and water fountain access, and other santitation improvements","The petanque group has supported Chimborazo Playground, financially and with clean up days,  for the last two decades. It provides a social and physical outlet for all age groups in an inclusive, friendly, and safe environment. "
17/05/2026 10:20:12,anon_e8f233871f,"I really like having community groups like the the Boulefrogs, but I think there is a better way than dedicating 1/3 of a public park to the group by expanding the courts. There is space like the random funnelball court which gets almost no use, that could have been repurposed instead. Or a slower, phased update of the petanque courts instead so they could still play and also have a better playing surface. I hope there will be more public notice before any changes go into effect. ","Find a way to build the new petanque courts, and remove the old ones for other park use.","Additional landscaping (trees and plantings) and/or hardscaping (surfaces, shade structures), Improvements to existing courts or playground equipment, Find other, better uses for unutilized space like the funnelball or whatever that cage structure in the field is.",
17/05/2026 10:27:17,anon_40d6c86977,,"Address maintenance, health and safety needs in the park before any space is expanded or developed.","Restrooms and water fountain access, and other santitation improvements, Additional landscaping (trees and plantings) and/or hardscaping (surfaces, shade structures), New spaces (examples - renovated track/field space, surface for skateboarding/rollerskating, dog play area), Improvements to existing courts or playground equipment",
17/05/2026 10:32:56,anon_edeea8b88f,"Please consider having one or more ""speed humps"" placed on N29th St between Franklin St and Broad Street. Maybe a 4 way stop at East Grace St & N29th. could be another consideration. The two blocks between East Franklin & Broad Street are a 'race track"". ","Reverse construction on the new petanque courts, and redirect resources to other improvements.","Restrooms and water fountain access, and other santitation improvements, Additional landscaping (trees and plantings) and/or hardscaping (surfaces, shade structures)",Speeding on N29th St between East Franklin St and Broad St is out of control.
17/05/2026 11:00:12,anon_56fa6db030,,"Address maintenance, health and safety needs in the park before any space is expanded or developed.","Restrooms and water fountain access, and other santitation improvements, Water feature (splash pad or cooling features), Mulch (or other material) for play area surface","Working restrooms for our kids and re-mulching or re-surfacing of the playground are our family’s top priorities. There’s nowhere for them to go to the bathroom while we’re at the park, and within the existing mulch there is a cotton-like substance that comes up from the ground and the kids’ feet get tangled in it. There are also exposed roots everywhere that they trip on."
17/05/2026 11:36:12,anon_f1207c7f8e,The construction to add more pétanque courts to Chimborazo Playground needs to be reversed as it doe snot represent the needs and the desire of the community. A small club does not have the right to change the face of a community playground. The Parks and Recreation Department should never undertake any significant changes to parks in the city of Richmond without surveying all stakeholders of the park.,"Reverse construction on the new petanque courts, and redirect resources to other improvements.",Improvements to existing courts or playground equipment,
17/05/2026 11:56:24,anon_41d61e9f9d,Please be transparent when making decisions that impact the way in which citizens interact with their community. I think the city has created a totally avoidable issue by not being open with how it is planning to spend our tax dollars in our neighborhood. The pétanque club is now pitted against neighbors for knowing how to apply for permits and city help. The vast majority of neighbors who do not play their sport but love and use that park and now upset at these folks for taking more space than most would say makes sense. I think it’s a shame we have gotten to this point but it’s not too late for everyone to reach an agreeable solution.  ,Improve current pétanque courts and use the rest of the funds and space to benefit the 99.5% of the community that does not play pétanque,"Expand one or more existing uses (basketball/petanque/tennis courts/playground equipment/picnic tables/community garden), Water feature (splash pad or cooling features), Recycled tire surface for the playground like the ones used at the playground at Marsh Elementary ","I think it’s great the Boulle Frogs are so passionate but they are a very small slice of the population and they already have several courts, including one they ceded and another they don’t really use. Let’s be spending city dollars on things that benefit the most folks and let’s do so transparently. This park is used most be families at the playground, then basketball players, then gardeners, and I would say pétanque is tied with tennis/pickleball (which only has one court). Providing more specialized space to a novelty sport is not the right call. "
17/05/2026 12:28:49,anon_fca1025224,This is a very concerning situation where one small group has taken over a large portion of the playground space without considering the needs and wishes of the e tire community.  They only use the space two days a week and they did this once before taking over court space that was used for children biking and skateboarding.  And they built the courts poorly leading to pools of water every time it rains and potential falling hazards for children playing.  Please stop and reverse this current construction.,"Reverse construction on the new petanque courts, and redirect resources to other improvements.","New spaces (examples - renovated track/field space, surface for skateboarding/rollerskating, dog play area), Water feature (splash pad or cooling features), Additional landscaping (trees and plantings) and/or hardscaping (surfaces, shade structures)",I hope this doesn’t happen again. 
17/05/2026 12:43:20,anon_0a8b6c9269,Listen to the community. ,"Reverse construction on the new petanque courts, and redirect resources to other improvements.",Improvements to existing courts or playground equipment,
17/05/2026 13:06:31,anon_9e8fd13f83,"Thank you for hearing all sides on this issue.   It is unfortunate that the self identified aggrieved parties chose a scorched earth path.  The need for public notice for heavy machinery work in public parks moving forward is self evident.   Holding approved gravel courts hostage to gain veto power is an action out of proportion to the understandable shock of feeling uninformed.   Please note that regardless of this group's protestations, IT IS about Pentaque, the only adult low energy sports activity in the complex.   I would feel far more credibility in the complaints of this group had they reached out to the Pentaque to gain information as an early step.   Instead, this group went for the City's jugular with misinformation and incomplete and inaccurate conclusions,      This expression of naked anger toward the City and Parks is out of harmony with the many Church Hill volunteers who give their time and treasure to maintain the neighborhood parks,   ",Correct the identified communications gap.   Finish the courts as approved,"First, all people invested should review the results of the Inspire survey.  Second, the people invested need to understand the Parks department strategic plan .   ","This ""movement"" had divided the neighborhood.   Once the organizers get their way ( veto power over the exchange of a space with gravel and weeds to an organized court for a team that has used adjacent space for 20 years), what is their plan to heal the wounds inflicted by their actions , rhetoric and biased survey.   How will this group heal the feelings of volunteers in the Church Hill Parks ho have brought so much progress through communication and collaboration with each other and the City?   "
17/05/2026 13:11:35,anon_a2551efcc1,"As far as I can tell, the new pétanque courts are (were) the result of the organizational efforts of the Pétanque Club of Virginia which does seem to be a group of (*almost* entirely, if not entirely) white people of a certain age... which is not in itself an issue, but I would hope that the *playground* in our predominantly, historically Black neighborhood would be better oriented towards the needs of the Black children who live here. I have long hoped for improvements to the playground before this whole fuss and I'm glad that we've all now turned our attention to it. I would be happiest if the new courts were ripped out and construction efforts were refocused elsewhere in order to better serve the needs of our *actual* community-- I don't know what sort of projects would be better alternatives since I have no children of my own, but I wonder if open, formal dialogue/continued forums with the parents and educators (and maybe the children!) over at Chimbo Elementary would be a good place to start. 

Also, far less important, but the new courts are functionally in my backyard and it was pretty annoying to see, and especially to HEAR, everything get all torn up without any warning. The tree maintenance around here this year was more of a massacre than it was anything else and it's just made me (and every one of my neighbors I've talked to) sad to see my neighborhood disrupted and de-beautified in these repeated ambushes :( ","Reverse construction on the new petanque courts, and redirect resources to other improvements.","Improvements to existing courts or playground equipment, Restrooms and water fountain access, and other santitation improvements, Additional landscaping (trees and plantings) and/or hardscaping (surfaces, shade structures)",
17/05/2026 13:13:25,anon_9e8fd13f83,,,,"Asking why this group went to the Church Hill Central neighborhood association without inviting the pentaque group ( whose responsibility was NOT to post a public notice), to add some details that could fill in some gaps and assure that misinformation was not communicated.  The pentaque is the one most impacted by this protest.    If the statement that the goal of this campaign is not to victimize Pentaque, why not ask them to join you in coming to a resolution,   "
17/05/2026 13:16:44,anon_93aa64d1be,,Build the new petanque courts as planned only after sharing full plans for public review and notice.,"Additional landscaping (trees and plantings) and/or hardscaping (surfaces, shade structures), Restrooms and water fountain access, and other santitation improvements"," I feel it’s unfairly punitive to the petanque community to pause/reverse construction on the new courts they'd worked to get approval on. Let construction continue, and redirect energy to pushing for more transparency from the city & more community involvement in future plans/decisions."
17/05/2026 14:13:07,anon_23df48a525,,Share full plans and invite public review and input before adopting any changes.,"Restrooms and water fountain access, and other santitation improvements",
17/05/2026 14:36:07,anon_04755378ca,Please consider improvements that meet the needs of the park's broad user base before adding additional facilities for a small club.,"Address maintenance, health and safety needs in the park before any space is expanded or developed.","Restrooms and water fountain access, and other santitation improvements, Additional landscaping (trees and plantings) and/or hardscaping (surfaces, shade structures), Mulch (or other material) for play area surface",
17/05/2026 14:39:45,anon_de1970d17e,,"Find a way to build the new petanque courts, and remove the old ones for other park use.","Mulch (or other material) for play area surface, Additional landscaping (trees and plantings) and/or hardscaping (surfaces, shade structures), Enforce current code regarding dogs","Under Richmond city code Sec. 4-245, dogs are not allowed in public parks that include playgrounds and/or sports fields: ""(a)Except as otherwise provided in this section, it shall be unlawful for the owner or any person in charge of any dog to allow such dog, whether leashed or unleashed, to enter or to take such dog into Maymont Park, the Azalea Gardens in Bryan Park, Byrd Park, recreation areas or athletic fields, areas equipped or designated, or both, as children's play lots, or any other area posted by the Director of Parks, Recreation and Community Facilities as an area wherein dogs are not allowed."" "
17/05/2026 16:27:43,anon_b5187c4bba,"Thanks for being willing to meet with CHA and discuss the topic. How can we proactively anticipate changes to our park? Can any random park goer get fully up to speed at any time in 5 minutes or less? Can they do it without calling/emailing a department, searching 10 different social media accounts or attending a monthly meeting every month?","Option 5 but get the project back on schedule as fast as possible. Now that I'm aware what's going on, I'd like the project to continue as planned. All I was worried about was the lack of notice. If notifying the public results in a time-consuming public engagement process, nobody will ever do it and we'll have this problem again some time in the future. We need to make this as painless as possible.","Additional landscaping (trees and plantings) and/or hardscaping (surfaces, shade structures), Expand one or more existing uses (basketball/petanque/tennis courts/playground equipment/picnic tables/community garden), Restrooms and water fountain access, and other santitation improvements","When the City makes it easier for neighbors to participate in improving a park, they can make it easier for volunteers to feel inspired by the park's future and help out where they can. We can all do a little something to make this park a better place... so long as we're on the same page about what that ""better place"" should look like?"
17/05/2026 17:10:44,anon_30a33d2430,,"Address maintenance, health and safety needs in the park before any space is expanded or developed.","Expand one or more existing uses (basketball/petanque/tennis courts/playground equipment/picnic tables/community garden), Improvements to existing courts or playground equipment, Restrooms and water fountain access, and other santitation improvements",
17/05/2026 17:26:47,anon_790d19276d,The petanque courts are no threat to anyone.  It is a wonderful collaborative caring group that includes anyone and everyone.  They provide a sense of community and care about the entire park and playground.  ,"Unpause the new courts that have already followed existing processes, and if you want to fix the process for your future requests, then work on that.  And stop attacking a wonderful club that has been committed to the park and church hill. ","Mulch (or other material) for play area surface, Restrooms and water fountain access, and other santitation improvements",Survey is biased.  Articles in church hill outlook are biased.  And no one has asked about the history of the club or what the club has done for the park. 
17/05/2026 17:38:00,anon_f21e69f6d9,We are improving the park rather than encouraging drug and sex worker activities ,Add the new courts,Expand one or more existing uses (basketball/petanque/tennis courts/playground equipment/picnic tables/community garden),"We all pay a lot of taxes. Also, new unhoused person loving the outdoor life at poolhouse"
17/05/2026 18:49:13,anon_a2cf3333e5,Thank you for recognizing the importance of community input. ,"Address maintenance, health and safety needs in the park before any space is expanded or developed.","Additional landscaping (trees and plantings) and/or hardscaping (surfaces, shade structures), New spaces (examples - renovated track/field space, surface for skateboarding/rollerskating, dog play area), Restrooms and water fountain access, and other santitation improvements",I'd love to see an actual soccer field rather than one non-regulation goal on a field that is full of dirt and rocks. I think kids and adults could get a lot of use out of that. 
17/05/2026 19:02:31,anon_a789611aa5,,Share full plans and invite public review and input before adopting any changes.,"Restrooms and water fountain access, and other santitation improvements, Water feature (splash pad or cooling features), Additional landscaping (trees and plantings) and/or hardscaping (surfaces, shade structures)",
17/05/2026 19:21:37,anon_cad71b092c,,Continue to build the pétanque courts and keep the existing courts ,,Continuing with the approved construction for the pétanque courts does not mean other improvements can not or will not happen. Several of the folks involved with the pétanque courts have also worked to make upgrades to the playground and will continue to advocate for a public park that benefits everyone 
17/05/2026 20:36:23,anon_4b01883ad9,That Id like them to forge ahead with the construction of the petanque courts as planned ,To keep existing pétanque courts along with the construction of the new courts ,,
17/05/2026 21:46:18,anon_76e09b0a45,"We really don't want more concrete and courts in our park, we like the green space and wanted the partially constructed courts removed.","Reverse construction on the new petanque courts, and redirect resources to other improvements.","Additional landscaping (trees and plantings) and/or hardscaping (surfaces, shade structures), Renovate park house (have staffing/equipment weekends/Summer for all users), Mulch (or other material) for play area surface","Please don't remove more of our grass, thats now what we want."
17/05/2026 21:56:40,anon_8b036d9525,,"Address maintenance, health and safety needs in the park before any space is expanded or developed.","Restrooms and water fountain access, and other santitation improvements, Mulch (or other material) for play area surface",
18/05/2026 06:28:02,anon_6799d3c989,"Decisions about community spaces should be made FOR the community and BY the community, not by a subset of community members who've self-appointed themselves as the community's ""representatives"" and who are pushing their own agenda without regard for anyone else. ","Reverse construction on the new petanque courts, and redirect resources to other improvements.","Additional landscaping (trees and plantings) and/or hardscaping (surfaces, shade structures), New spaces (examples - renovated track/field space, surface for skateboarding/rollerskating, dog play area), Restrooms and water fountain access, and other santitation improvements",
18/05/2026 08:00:42,anon_556aeee0f8,"No more petanque courts please. They don't even use the ones that they built next to the basketball courts. They destroyed the area that kids used to skate in to put those pétanque courts and they don't even use them. So not only did they already take space away from children who were using the park and can't anymore, but now they want to take more.","Reverse construction on the new petanque courts, and redirect resources to other improvements.","Improvements to existing courts or playground equipment, Restrooms and water fountain access, and other santitation improvements, Renovate park house (have staffing/equipment weekends/Summer for all users)",
18/05/2026 09:43:25,anon_05a67ee049,,Share full plans and invite public review and input before adopting any changes.,"Additional landscaping (trees and plantings) and/or hardscaping (surfaces, shade structures), Mulch (or other material) for play area surface, Water feature (splash pad or cooling features), Restrooms and water fountain access, and other santitation improvements",
18/05/2026 10:03:38,anon_6711a94276,The pétanque club is a wonderful addition to the park.  I find it sad that some are upset when the club used the proper procedures in requesting improvements and would think that they would be happy to see those improvements which benefit all.  ,"Finish the construction - it is an asset to the park.  Support the club as for twenty years they have supported the park by cleaning the grounds, planting trees, and providing a social connection to all ages and all people.  It's a sport that anyone can play and does not require athletic ability.  Many just join in to play while at the park because the club is warm, welcoming and fun.  Though we don't play all the time we would be greatly disappointed to find the courts not supported by the Parks & Recreation or the community.  ","Restrooms and water fountain access, and other santitation improvements, Shade structures would be appreciated.",
18/05/2026 10:28:51,anon_d65f22315f,,Share full plans and invite public review and input before adopting any changes.,"Additional landscaping (trees and plantings) and/or hardscaping (surfaces, shade structures), Improvements to existing courts or playground equipment, Restrooms and water fountain access, and other santitation improvements",
18/05/2026 10:35:34,anon_e3312e60a4,"I’d like for the Chimborazo Playground to be used for activities that benefit the largest group, rather than single use activities. It’s important for the community that uses the space to have visibility and influence over the decisions.","Reverse construction on the new petanque courts, and redirect resources to other improvements.","Improvements to existing courts or playground equipment, Restrooms and water fountain access, and other santitation improvements",
18/05/2026 10:38:16,anon_f62a070f2d,,"Address maintenance, health and safety needs in the park before any space is expanded or developed.","Improvements to existing courts or playground equipment, Water feature (splash pad or cooling features), Restrooms and water fountain access, and other santitation improvements",
18/05/2026 10:43:18,anon_25d2835714,It is important for preferences of a vocal few individuals to not outweigh the park’s intended use and accessibility for all users.,"Reverse construction on the new petanque courts, and redirect resources to other improvements.","Restrooms and water fountain access, and other santitation improvements, Mulch (or other material) for play area surface",
18/05/2026 10:44:43,anon_8d4be0728f,I am baffled by this pétanque takeover. Is this perhaps an old plan from pre Covid when there was a more active pétanque group? There are players there biweekly but I have never seen more than one court in use ever.,"Reverse construction on the new petanque courts, and redirect resources to other improvements.","Renovate park house (have staffing/equipment weekends/Summer for all users), Water feature (splash pad or cooling features), Improvements to existing courts or playground equipment","Our playground is such a wonderful community resource  We see neighborhood use and great stewardship (lovely community garden, tennis court in constant use, greatly appreciated renovated basketball courts) and are perplexed by this latest project that is slanted towards such a small percentage of users"
18/05/2026 10:44:57,anon_ade18bfdc4,,"Address maintenance, health and safety needs in the park before any space is expanded or developed.","Water feature (splash pad or cooling features), Restrooms and water fountain access, and other santitation improvements, Leave the greenspace and remove the recently added petanque courts",
18/05/2026 10:47:23,anon_42dfd9ab80,Please repeat this process for any changes planned for the Chimborazo and Libby park system. ,Share full plans and invite public review and input before adopting any changes.,"Restrooms and water fountain access, and other santitation improvements, Maintenance for the tennis court net ",Please repeat this process for any changes planned for the Chimborazo and Libby park system. 
18/05/2026 11:05:07,anon_9d6ab83dcc,"Thank you for pausing construction and hearing us. What was the process to this construction being approved and how did nobody in the community really know about it until bull dozers showed up? Church Hill has many eyes and ears, I’m honestly impressed 😂 expanding courts in an area which could have done so within the existing court area seems like an odd decision for a community space. The park requires attention and improvements, I hope it is possible to move forward with a wider community vision at the center of those changes!","Reconfigure existing courts to allow for increased number of courts. The open field is regularly utilized by students at Bellevue ES for outdoor PE activities— they need space to wiggle! Increasing shade features, sanitation, and water access would be top of my list as a community member based on how I see it being used now. ","Restrooms and water fountain access, and other santitation improvements, Water feature (splash pad or cooling features), Additional landscaping (trees and plantings) and/or hardscaping (surfaces, shade structures), Mulch (or other material) for play area surface","I, like many others who had strong gut reactions to the bull dozing, am a lay person in the community. I don’t know what processes I have access to with the city to make my voice heard and be “actively” attending to the coordinating of care and services in my immediate neighborhood. I wonder what Council Member Newbille’s feedback might be for us to do our part of the process— where should we be showing up and making our voices heard? How should we communicate ideas and concerns? "
18/05/2026 11:06:26,anon_ecdb785ad8,"The city can only build the new courts if they have a complete plan for reusing the old ones and have finished all the basic infrastructure, like bathrooms and water fountains. As far as I know, the plans for Brown's Island and the new playground on Belle Isle are very clear-cut; it’s easy to find the architecture firms responsible for them and other informations as a tax payer/citizen. But for the Chimborazo Playground, everything sounds completely vague. We need transparency, and anyone with a conflict of interest needs to step down.","Address maintenance, health and safety needs in the park before any space is expanded or developed.","Mulch (or other material) for play area surface, Water feature (splash pad or cooling features), Restrooms and water fountain access, and other santitation improvements","I feel like the lack of maintenance at Chimborazo Playground is stopping new families in Church Hill from going there. We have made many new friends at the playground over the past few years, but I can see the number of visitors dwindling even as the neighborhood's population of young children is growing."
18/05/2026 11:12:15,anon_5ff07322ea,Stop the construction and remove all courts. ,"Reverse construction on the new petanque courts, and redirect resources to other improvements.","Mulch (or other material) for play area surface, Renovate park house (have staffing/equipment weekends/Summer for all users), Additional landscaping (trees and plantings) and/or hardscaping (surfaces, shade structures)",
18/05/2026 11:13:50,anon_a6dd57ef1b,"One tiny (and tbh not particularly representative) group of Richmonders shouldn't be able to dictate what happens with a community space used by thousands of people, especially not without a robust process of engagement and discussion about how that space can best benefit the largest amount of people who rely on it for fun, exercise, socializing, child entertainment, and more. Thank you!","Ideally, the city would address maintenance and health/safety concerns while sharing full plans for public review and input, so that by the time a plan has been finalized, the park itself is in better shape and we'll all have benefitted from this entire process no matter what changes are adopted later.","New spaces (examples - renovated track/field space, surface for skateboarding/rollerskating, dog play area), Water feature (splash pad or cooling features), Restrooms and water fountain access, and other santitation improvements",
18/05/2026 11:20:02,anon_82aea555d6,,"Address maintenance, health and safety needs in the park before any space is expanded or developed.","Mulch (or other material) for play area surface, Additional landscaping (trees and plantings) and/or hardscaping (surfaces, shade structures), Improvements to existing courts or playground equipment",
18/05/2026 11:30:04,anon_bd35242193,"While we love that the community playground is shared by children, petaque , bb and tennis players and gardeners alike! What a joy to see it vibrant but, I think discussions need to be had as to what happens in this neighborhood space, prioritizing financial allocations to safety first, before anything else. As is the case at Chimbo and the lack of mulch in the playground area. ","Address maintenance, health and safety needs in the park before any space is expanded or developed.","Mulch (or other material) for play area surface, Restrooms and water fountain access, and other santitation improvements",
18/05/2026 11:42:49,anon_85e3a43485,What is the budget for the parks? what improvements are being done and when? what is the process for requesting additional to the park? What is the process for requesting renovations or additional to park space?,"Address maintenance, health and safety needs in the park before any space is expanded or developed.","New spaces (examples - renovated track/field space, surface for skateboarding/rollerskating, dog play area), Improvements to existing courts or playground equipment, Restrooms and water fountain access, and other santitation improvements","The reason that green space was so important is that the entire park is fenced. Libby hill and Chimbo aren't. It's safer for children/families. I don't even have kids and I know that. Petanque is a niche sport: if the club wants more area to play, they should buy it themselves and not waste park resources which are limited."
18/05/2026 11:54:44,anon_e7e2431b25,,"Address maintenance, health and safety needs in the park before any space is expanded or developed.","Restrooms and water fountain access, and other santitation improvements, Renovate park house (have staffing/equipment weekends/Summer for all users)",
18/05/2026 11:57:22,anon_22094af251,"Thank you for taking the time to listen to the community. I am a community member who lives one block away from Chimbo playground. I am also a parent and a dog owner who uses this park every single day. It is part of our 'backyard'. Our family is biracial, multicultural and queer. This matters for reasons I will share below. 

I think a few things are really critical here: 
1. This is a historically black neighborhood. Gentrification has already pushed so many of our black and brown neighbors to the fringes of a community that has become increasingly white and class privileged. Chimbo playground area has always stood out as a more integrated space. On any given day you will see teenagers playing ball, kids of all ages in the playground, families enjoying picnics and bbqs in the grassy area and tennis courts, and members in the community garden. The Petanque courts in their former iteration, were fairly low profile and allowed for all of this beautiful diversity to co-occur. Suddenly an organization with 45 members, most of them of retirement age and white, is trying to take over this diverse space for their own interests and without input from the rest of us who use this space regularly. This is the definition of colonizer behavior and it is unacceptable. There is no world in which them hosting tournaments would make it a more diverse or welcoming space.

2. This 'back door' method of using a loophole (expansion of a current court) to get around due process and garner community feedback before ruining the park for the rest of us, has absolutely ruined all good will that we once may have had for the Petanque players. What used to be seen as a somewhat endearing group of folks playing an obscure game in the park, now is seen as a group of people trying to push the rest of us out of our own community. We will not stand for it. At this point, I propose they move the entire operation to the West End. Being part of a community means building relationships and good will, which requires transparency, authenticity and honesty. They cannot possibly come back and get the community to agree to youth leagues and tournaments after pulling this stunt. This undermines their statement about using the space to build community engagement. They simply cannot. We do not trust them. ","Reverse construction on the new petanque courts, and redirect resources to other improvements.","Restrooms and water fountain access, and other santitation improvements, Water feature (splash pad or cooling features), Additional landscaping (trees and plantings) and/or hardscaping (surfaces, shade structures), How about turning some of the current cement areas facing the grass into a small stage for local music ",
18/05/2026 11:57:59,anon_8683805c63,"This project should not move forward unless and until robust community feedback is sought, analyzed, and made public. From my perspective, additional Pétanque courts are not the highest priority need. All park users would benefit from functioning bathroom facilities and water access. Many more park users would benefit from playground upgrades as compared to Pétanque courts. The process has not followed basic legal requirements and has not been transparent. We rely on you as our elected representative and government executive, to fix the process and ensure that the rules are followed going forward.","Reverse construction on the new petanque courts, and redirect resources to other improvements.","Restrooms and water fountain access, and other santitation improvements, Water feature (splash pad or cooling features)",
18/05/2026 12:39:21,anon_7bf35a79f3,It would be great to find a way to make sure the playground is useable for the whole community and either fixes or does not compromise the draining in the alley further. ,"Find a way to build the new petanque courts, and remove the old ones for other park use.","Expand one or more existing uses (basketball/petanque/tennis courts/playground equipment/picnic tables/community garden), Additional landscaping (trees and plantings) and/or hardscaping (surfaces, shade structures), Mulch (or other material) for play area surface","The alley adjacent to the playground is prone to flooding. There is a single, poor drain that becomes clogged and has damaged the entire block. Any new construction should fix this issue. "
18/05/2026 12:42:05,anon_1efb2a68c9,Please consider redirecting funding back to playgrounds that includes staffing parkhouses in the summer months to include play equipment for children and free lunch.  ,"Reverse construction on the new petanque courts, and redirect resources to other improvements.","Restrooms and water fountain access, and other santitation improvements, Improvements to existing courts or playground equipment, Renovate park house (have staffing/equipment weekends/Summer for all users)","Staffed parkhouses were a vital part of the community in the 80s and 90s, fostering life long skill development as well as relationships and community partnernerships that I feel honored to have experienced.  Despite changes in social activities of engagement,  I would encourage both the city as well as my neighbors to consider returning to summer program in the parks. "
18/05/2026 14:33:46,anon_469790b4ce,Community spaces that are maintained and supported by tax dollars need to be built with input from the communities that they serve.  The tedium of public commentary periods should be observed to maintain trust between communities and local government,Share full plans and invite public review and input before adopting any changes.,"Renovate park house (have staffing/equipment weekends/Summer for all users), Water feature (splash pad or cooling features), New spaces (examples - renovated track/field space, surface for skateboarding/rollerskating, dog play area)",
18/05/2026 14:49:11,anon_1eddc6ad65,"I am only one member of a larger community, and my priorities won’t always align with those of my neighbors. I don’t expect my needs to be valued above others’ simply because they are mine. However, my concern with the petanque court expansion is less about the project itself and more about the process behind it. This situation highlights two ongoing issues with neighborhood improvements: there is no central place for community input and information, and there is no clear, transparent process for selecting or prioritizing projects. Without those structures, well‑intended efforts often fall short of their potential or serve only a small group rather than the broader community.
My family spends 4–10 hours a week at the Chimborazo Playground, yet I never saw any information about the petanque expansion—or about other recent additions, like the soccer goal, basketball hoop, or climbing structure. Some of these are wonderful (my kids love the climbing triangles!), but the hoop and goal can’t be used as intended because they were installed without any changes to the surrounding areas that would make them safe or even functional. And now the new petanque courts reduce the amount of usable space on the soccer field. I’ve heard rumors about the cost of the soccer goal—another sign that we lack a reliable, central source of information. If it did cost $4k, and if both projects were (even partially) funded or executed by DPR, the lack of coordination is concerning. Gathering community input for projects of this scale would not only increase transparency but likely lead to more thoughtful, cohesive planning.
I appreciate the CHA and the many ways they support our neighborhood. But the playground is a major community space that needs a dedicated group to help facilitate and guide projects that meet the broader needs of the people who use it (sign me up!). The Community of Chimbo organizers have already modeled how this could be done with flyers and QR‑code surveys—thank you! Overall, what’s needed is leadership and a collaborative process. It would be great if our elected councilmember could create and implement a clear structure for community participation to ensure that projects of this scale not only make sense but reflect broader community needs. ","Address maintenance, health and safety needs in the park before any space is expanded or developed.","Restrooms and water fountain access, and other santitation improvements, Improvements to existing courts or playground equipment, Mulch (or other material) for play area surface, Replace mulch with more accessible, safe, and inclusive material (such as PIP rubber). Yes, this expensive but it's now best practice. "," It does seem like this was a relatively private request made by a small group of people who had the funds. As a neighborhood I believe we can find a better, more inclusive way to do things. "
18/05/2026 14:53:13,anon_a6c282f71a,I think the real issue here is the lack of communication by the parks department. The petanque club followed the proper procedures and has been working to create a favorable outcome for everyone including always inviting park goers to join the games. ,"The petanque courts were approved and construction has begun so it should be completed. If people are upset about the loss of green space then that should be balanced out by planting more trees or flower beds. Perhaps even bring in a landscape architect to design the walking paths to make the park look like a cohesive area. As for the issue of the lack of communication, the park should always communicate changes going forward. ","Additional landscaping (trees and plantings) and/or hardscaping (surfaces, shade structures), Complete the petanque courts",The wording of this questionnaire is worded in a way that favors not supporting the petanque courts construction. It is very disturbing that someone with a strong bias was allowed to write such leading questions. 
18/05/2026 15:05:13,anon_f076eddd45,I am puzzled how this could happen in the first place.  I was asked my opinion when a homeowner two doors down wanted to build a small garage/shed in his back yard.  I would have thought at the very least the pétanque club would have asked the surrounding neighbors how we felt about an expansion of courts.,"Find a way to build the new petanque courts, and remove the old ones for other park use.","Water feature (splash pad or cooling features), Restrooms and water fountain access, and other santitation improvements, Renovate park house (have staffing/equipment weekends/Summer for all users)",
18/05/2026 15:33:09,anon_1efa396020,"If there’s any money to put toward the park, I’d prefer to see water accessibility (like a water fountain or a bottle filler), or even crazier, a bathroom. If the park has money to renovate aggressively, a splash pad would be incredible. 

That sport caters to a predominantly older white people, which is simply not a good use of the space. ","Reverse construction on the new petanque courts, and redirect resources to other improvements.","Improvements to existing courts or playground equipment, Restrooms and water fountain access, and other santitation improvements, Water feature (splash pad or cooling features), Renovate park house (have staffing/equipment weekends/Summer for all users)",
18/05/2026 15:38:42,anon_075be956b4,,"Address maintenance, health and safety needs in the park before any space is expanded or developed.","Additional landscaping (trees and plantings) and/or hardscaping (surfaces, shade structures), Restrooms and water fountain access, and other santitation improvements, Renovate park house (have staffing/equipment weekends/Summer for all users)",
18/05/2026 16:47:32,anon_dea38c2386,Build a skate park. ,"Reverse construction on the new petanque courts, and redirect resources to other improvements.","New spaces (examples - renovated track/field space, surface for skateboarding/rollerskating, dog play area)",Tend to the folks that live here first. 
18/05/2026 17:14:28,anon_b73cd66fcf,The loss of this green space for something used by so few is such an eyesore and not reflective of the community’s needs or wants,"Reverse construction on the new petanque courts, and redirect resources to other improvements.","Restrooms and water fountain access, and other santitation improvements, Water feature (splash pad or cooling features), New spaces (examples - renovated track/field space, surface for skateboarding/rollerskating, dog play area), Additional landscaping (trees and plantings) and/or hardscaping (surfaces, shade structures), Renovate park house (have staffing/equipment weekends/Summer for all users)",
18/05/2026 17:28:02,anon_a0f9d33ec7,,Share full plans and invite public review and input before adopting any changes.,"Restrooms and water fountain access, and other santitation improvements, New spaces (examples - renovated track/field space, surface for skateboarding/rollerskating, dog play area)",
18/05/2026 18:13:00,anon_f27702f66c,We have lived in the community for over 14 years and were around when the first round of pétanque court renovations/additions took place. They are not something the community as a whole needs or uses. ,"Reverse construction on the new petanque courts, and redirect resources to other improvements.","Renovate park house (have staffing/equipment weekends/Summer for all users), New spaces (examples - renovated track/field space, surface for skateboarding/rollerskating, dog play area), Fix the park house so that there is more covered picnic area. Upkeep/repair existing equipment and convert tennis courts to pickleball. ","If funds are being spent within the community, it would make sense to mail a postcard survey out to all residents rather than organizing in-person meetings that not every resident is aware of or can attend. "
18/05/2026 18:26:13,anon_be23df8128,,"Address maintenance, health and safety needs in the park before any space is expanded or developed.","Restrooms and water fountain access, and other santitation improvements",
18/05/2026 18:55:25,anon_700385cabe,"Each park has a personality and this park is an active park with multiple activities that co-exist in the relatively small space. A safe park to play in with safe facilities and access to sanitation would be the best investment in the park's community. 

If possible, a small fenced off dog area with water and a trash can would alleviate conflict among current users. ","Address maintenance, health and safety needs in the park before any space is expanded or developed.","Additional landscaping (trees and plantings) and/or hardscaping (surfaces, shade structures), New spaces (examples - renovated track/field space, surface for skateboarding/rollerskating, dog play area), Restrooms and water fountain access, and other santitation improvements",
18/05/2026 19:03:37,anon_111ec5668e,The survey was designed to get answers that those opposed to the courts wanted. Totally invalid.,Build the courts as they were originally designed ,Any of these would be very nice in addition to the new courts.,
18/05/2026 19:13:39,anon_9954ca2d38,,Share full plans and invite public review and input before adopting any changes.,"Improvements to existing courts or playground equipment, Restrooms and water fountain access, and other santitation improvements",
18/05/2026 19:16:05,anon_57344611c9,To prioritize the needs of the larger community when it comes to development in the area.,"Reverse construction on the new petanque courts, and redirect resources to other improvements.","Mulch (or other material) for play area surface, Restrooms and water fountain access, and other santitation improvements, Water feature (splash pad or cooling features)",
18/05/2026 19:32:32,anon_79acf2e852,We need more public input about our playground and parks before changes are made. We are not in support of the new pétanque courts. ,Can the existing courts be fixed re: drainage issues? Can netting be put up to keep basketballs out of the existing pétanque courts if they say it’s an issue re: playing pétanque? We want to preserve the green space!,"Mulch (or other material) for play area surface, Restrooms and water fountain access, and other santitation improvements, Water feature (splash pad or cooling features), Pickleball courts if any new courts ",We love our neighborhood park and want all to be able to enjoy. Please keep us in the loop about changes!
18/05/2026 19:35:56,anon_03e6054d05,,"Reverse construction on the new petanque courts, and redirect resources to other improvements.","Expand one or more existing uses (basketball/petanque/tennis courts/playground equipment/picnic tables/community garden), New spaces (examples - renovated track/field space, surface for skateboarding/rollerskating, dog play area), Improvements to existing courts or playground equipment, Renovate park house (have staffing/equipment weekends/Summer for all users)",
18/05/2026 19:55:49,anon_b95623bdf6,"We need to acknowledge that this is a silly argument started by silly people who are clearly bored enough to start trouble in the community. I do not know the petanque players personally but I know they are some of the longest tenured residents of Church Hill and the ones most active within this community.  So if they were able to obtain approval for the courts and did so according to regulations, then they should have them.  This argument is so short sighted. The courts will be an asset to the community.  ",Build the courts as they were permitted for.  It is manipulative to leave off this option on the form. Shame on you.,"Expand one or more existing uses (basketball/petanque/tennis courts/playground equipment/picnic tables/community garden), Improvements to existing courts or playground equipment",This is a non issue. THe folks who decided that they have a problem with the new courts are behaving like entitled. Self-satisfied jackasses.  I guarantee you that the folks trying to block this will not be staying in the neighborhood for any length of time.  They will bolt like everyone else once their kids have to go to school. I reckon the petanque player will still be up here. This really makes me want to play petanque now.  
18/05/2026 19:58:29,anon_86cfaeaebf,Thank you for all you do. ,Resume the project as planned. It is manipulative to leave this obvious option off of the list.,"Restrooms and water fountain access, and other santitation improvements, Renovate park house (have staffing/equipment weekends/Summer for all users), Expand one or more existing uses (basketball/petanque/tennis courts/playground equipment/picnic tables/community garden)",This really makes me want to play pétanque now. Can’t wait for the courts to be finished 
18/05/2026 20:04:52,anon_f16cf6646e,The pétanque courts should continue as planned,Build the pétanque courts as planned ,"Improvements to existing courts or playground equipment, Expand one or more existing uses (basketball/petanque/tennis courts/playground equipment/picnic tables/community garden), Additional landscaping (trees and plantings) and/or hardscaping (surfaces, shade structures)",No
18/05/2026 20:10:17,anon_d568c44fa9,"I walk past this park multiple times per week and rarely see anyone utilizing the grass field where the new courts are going in. I do, however, see large groups of people playing pétanque a few times a week. If there is more demand for pétanque, let them build it there and grow their sport. The pétanque club supported the Libbie Hill Spring Fest with a tent and a frog mascot, so they are clearly engaged in the community here in church hill.",Build the new petanque courts as planned only after sharing full plans for public review and notice.,"Expand one or more existing uses (basketball/petanque/tennis courts/playground equipment/picnic tables/community garden), Mulch (or other material) for play area surface, Additional landscaping (trees and plantings) and/or hardscaping (surfaces, shade structures)",
18/05/2026 20:42:01,anon_43e9e9a0e1,,Share full plans and invite public review and input before adopting any changes.,"Restrooms and water fountain access, and other santitation improvements, Expand one or more existing uses (basketball/petanque/tennis courts/playground equipment/picnic tables/community garden)",
18/05/2026 21:31:31,anon_ed6fd00022,Getting community feedback should always be a priority. Please do not assume you know what we want at this park without actually asking. Taking away valuable playing space will negatively affect both the people that frequent the park AND Bellevue Elementary students who use the park regularly for events. ,"Find a way to build the new petanque courts, and remove the old ones for other park use.","Water feature (splash pad or cooling features), Restrooms and water fountain access, and other santitation improvements, Additional landscaping (trees and plantings) and/or hardscaping (surfaces, shade structures)",Ask US what we want first and foremost. 
18/05/2026 21:42:55,anon_97b508657d,"Many of our neighbors are voicing their opposition to the lack of public input for the pétanque courts. I agree with them, but I also believe the mere fact of dedicating almost half a park, and $36,000, to serve 45 neighbors (out of tens of thousands) is a disgrace. I’m also disappointed in our pétanque-playing neighbors for selfishly putting their niche needs above the health of the neighborhood, but I’m also curious how this type of project makes its way all the approvals necessary for the city to build and how it was funded. In other words: what was that $36k originally budgeted for, and what won’t get built as a result? ","Reverse construction on the new petanque courts, and redirect resources to other improvements.","Mulch (or other material) for play area surface, New spaces (examples - renovated track/field space, surface for skateboarding/rollerskating, dog play area), Water feature (splash pad or cooling features), Restrooms and water fountain access, and other santitation improvements",
18/05/2026 21:50:00,anon_1702ecaf6d,"I am.sorry you time is being wasted by such a ridiculous matter. It is a non issue. The new pétanque courts hurt no one. No one is deprived of anything. I don’t have kids but i’m not complaining about the jungle gym. 

These are entitled, bored people who want to make trouble. They are also transient. Once the kids are old enough for school, they leave. Maybe they stay and send them to private school, if they can afford that but in any event they are fortunate in that they have the time and energy to gripe about petanque courts. 

I must defend the petanque players. I do not know any personally but i do know they have long been your constituents and have voted you in. They are long time Church Hill residents and many are considered to be from the pioneer generation. Back when the area wasn’t so nice and no one went to the park because of the drug deals and the danger They helped make it a destination. Its kind of fun that we have courts for the game here. Most of them helped build this community and we owe them. They went through proper channels and the courts should be built. ",You seem to have omitted the most logical answer which is build the courts as planned. You have created a biased survey. That’s so shady. ,"Expand one or more existing uses (basketball/petanque/tennis courts/playground equipment/picnic tables/community garden), Improvements to existing courts or playground equipment",The folks who are inciting the controversy should not be the ones “compiling” feedback for Cynthia Newbile. Hardly an unbiased or transparent process. The ONLY reason reason these individuals are living here is because the folks who happen to play pétanque lived here first and made it nice enough and safe enough for you. Why try and ruin a good thing?  A nice thing that brings people together?  No one likes a trouble maker. Find something beneficial to do with your time. 
18/05/2026 21:55:35,anon_1702ecaf6d,The courts hurt no one. They add flare and color to the neighborhood. Its fun and anyone can play. This is a non issue. No one gripes because the kids have a playground. No one gripes because we have basketball courts. Why can’t the big kids have some.place to play. This is what community is. ,Build the courts. They were approved. Why is this survey written in a biased manner?  ,"Expand one or more existing uses (basketball/petanque/tennis courts/playground equipment/picnic tables/community garden), Improvements to existing courts or playground equipment",Thos is such a waste of time. Why try to cause trouble amongst your neighbors?  This is a nice place. Don’t ruin it just because you feel like starting trouble. 
18/05/2026 22:05:51,anon_2d2f0d75f9,"Hi - I worked with Friends of Chimborazo Playground in 2009. We worked with BAM to develop plans that allocated space for many activities, including community gardens, playground, basketball and petanque. Unfortunately, much of it never materialized and two out of three petanque courts have gone unused for years and sit full of weeds. We do NOT need another petanque court. Fix the ones that are there. Add a splash pad or bring back the community swimming pool. Summers are unbearable and kids need to cool off. ",Share full plans and invite public review and input before adopting any changes.,"Water feature (splash pad or cooling features), Additional landscaping (trees and plantings) and/or hardscaping (surfaces, shade structures), Renovate park house (have staffing/equipment weekends/Summer for all users)",
18/05/2026 22:23:25,anon_cf9d1e10b3,,"Address maintenance, health and safety needs in the park before any space is expanded or developed.","Additional landscaping (trees and plantings) and/or hardscaping (surfaces, shade structures), Renovate park house (have staffing/equipment weekends/Summer for all users), Improvements to existing courts or playground equipment",
18/05/2026 23:04:12,anon_669bf0c0b0,"As a long time resident in churchill I have yet to see the development of Chimbo PLAYGROUND! reflect the needs & wants of the entire neighborhood. I was there with children in tow when it got upgraded 10+years ago & it stopped. Space of my kids to learn to ride a bike protected from the busy streets, space for the skateboarders that designed & used their own equipment were removed ( even as THEY accommodated the other folks on the playground with kindness & patience) to be replaced by gravel pits designed for a game only a small handful of residents played. Bathrooms & shelter left unusable the crumbling, water fountains older than me & a green space that was more like a deserted space were left for “another time”. The only thing accessible on the playground was a curb cut to the playground equipment that was great if you could get your stroller or wheelchair down 2 step unit or over a gravel field to the playground equipment 
Their were plans crates that, although flawed, were never fulfilled. A playground, a community space is supposed to be a place where folks build community. ",No new pétanque courts & reverse construction done without approval or input. Fix the bathrooms & shelter,"Restrooms and water fountain access, and other santitation improvements, Water feature (splash pad or cooling features), improve the green space, no hardscape & dogs can go to the giant dog parks less than a mile away ","I’m disappointed in how a few citizens moved the city to destroy the park for their use only but really proud of the many that have put a spotlight on the issue & halted further destruction. Do better City. Long time resident & business owner living, working & supporting The City!"
18/05/2026 23:32:35,anon_e7a8bdba8f,,"Reverse construction on the new petanque courts, and redirect resources to other improvements.","Expand one or more existing uses (basketball/petanque/tennis courts/playground equipment/picnic tables/community garden), New spaces (examples - renovated track/field space, surface for skateboarding/rollerskating, dog play area), Restrooms and water fountain access, and other santitation improvements",
19/05/2026 00:01:11,anon_a5a3bdc266,,Build the new petanque courts as planned only after sharing full plans for public review and notice.,"New spaces (examples - renovated track/field space, surface for skateboarding/rollerskating, dog play area), Water feature (splash pad or cooling features), Improvements to existing courts or playground equipment","I am a church hill resident and frequent user of the playground as a mom with two small kids. I would have loved for more input. However, progress on parks takes forever. Reversing the work will cost more money and the park will not be better for it. I think we should continue with the new courts and revisit in the future if they do not become the attraction the claim to be. "
19/05/2026 00:33:31,anon_73f247dcaf,More Pétanque courts serve a niche interest while robbing our community of needed green space in Chimborazo playground park.,"Reverse construction on the new petanque courts, and redirect resources to other improvements.","Water feature (splash pad or cooling features), Restrooms and water fountain access, and other santitation improvements, Mulch (or other material) for play area surface",
19/05/2026 00:52:44,anon_640c06f6a6,"We do not need more pétanque courts. They are rarely used. They play twice a week. It’s ridiculous this got through. There are always kids at the playground, all day every day and they deserve a better playground. Toilets. A water fountain. Maybe a true fence around the whole park so toddlers can’t escape. A splash pad would be amazing. I can’t believe there used to be a pool there. With the summer heat, it would be a true gift to the community if we had a place for everyone to cool down. Pétanque brings joy to a small group of people and they’ve already got plenty of courts. ","Reverse construction on the new petanque courts, and redirect resources to other improvements.","Additional landscaping (trees and plantings) and/or hardscaping (surfaces, shade structures), Improvements to existing courts or playground equipment, Water feature (splash pad or cooling features)",Let’s make our park for everyone and not just for a select few. 
19/05/2026 04:51:19,anon_dc9a6d9e94,,"Find a way to build the new petanque courts, and remove the old ones for other park use.","Mulch (or other material) for play area surface, Water feature (splash pad or cooling features), Restrooms and water fountain access, and other santitation improvements",
19/05/2026 05:35:23,anon_110f81fd66,"SAVE THE GREENSPACES IN THIS NEIGHBORHOOD. I’ve lived I this neighborhood for 12 years and our two children have been raised here. We love and used Chimborazo untold times. As my children have grown older the green spaces in the park are the most frequented: playing catch, throwing the lacrosse ball, running around and riding bikes. It would be extremely upsetting (and seem to lack a lot of forethought) to lose that green space while there is so much other “dead space” where the courts could be located. Can’t the current pétanque court space be refinished or redone without compromising loss of green space? What is the plan for the bathrooms? If they will never be used/available, can we be more thoughtful/inclusive about reimagining what could happen with that space?",Share full plans and invite public review and input before adopting any changes.,"Improvements to existing courts or playground equipment, Additional landscaping (trees and plantings) and/or hardscaping (surfaces, shade structures), Mulch (or other material) for play area surface, I’d like to give this some more thought. ",Paving over the greenspaces in this gem of a neighborhood rather than utilizing other spaces for courts seems terribly short sighted
19/05/2026 06:35:56,anon_a98b4fb43b,Listening to your constituents and the community far outweighs your personal gain and other investments and political gain. Running unopposed won’t last forever and gentrification wont make our community stronger or better without community support and input. ,"Address maintenance, health and safety needs in the park before any space is expanded or developed.","Expand one or more existing uses (basketball/petanque/tennis courts/playground equipment/picnic tables/community garden), Additional landscaping (trees and plantings) and/or hardscaping (surfaces, shade structures), Restrooms and water fountain access, and other santitation improvements",Please listen to your constituents and invest in the ACTUAL community not just gentrification 
19/05/2026 06:55:46,anon_b372bc198b,"Firstly, if the processes that are in place for individuals to follow for things like this were actually followed, then none of the complaining by the community at this point should really matter. There is a reason these processes are in place, and just because someone decides they don’t like it, it shouldn’t curtail what has already agreed to. That said, I do not believe the processes that currently exist are capturing the thoughts of the community writ large. For example, I am only completing this survey cause I happened to click on a link during a specific window, in a gated Facebook group - so time, being on the group and being on Facebook were required for me to have a voice. I am also assuming that the people gathering this data are going to accurately summarize what I say and not clip out things for their own interests. I have also previously completed many surveys by the church hill association or friends of Chimborazo park (or whatever their name is) and seen ZERO acknowledgement of what I have to say. So who knows 

That said, in this specific instance I personally believe there is better use of that space. I think it’s nice having some green areas, given there are already two basketball courts, several pentaque courts, a tennis court and a playground. In fact, I’d much prefer an expansion of the allotments so more people could grow their own food 

That said, to me this comes down to ensuring that the community voices are heard throughout  the process and as I said, if the processes were followed appropriately then some last minute NIMBY-ing from others shouldn’t inhibit it. There are bigger issues for this community to deal with, that I wish they had the enthusiasm for ",See above. ,"Restrooms and water fountain access, and other santitation improvements, Additional landscaping (trees and plantings) and/or hardscaping (surfaces, shade structures), New spaces (examples - renovated track/field space, surface for skateboarding/rollerskating, dog play area), Mulch (or other material) for play area surface, Expand one or more existing uses (basketball/petanque/tennis courts/playground equipment/picnic tables/community garden), There’s a dog area that’s big enough less than half a mile away. We do not need another area for people to unleash their poorly behaved doodles. ",I am happy to volunteer to design community input surveys in order to expand the amount of people who are offering feedback. I work in research so can offset some of the issues with ones like these and also design them that looks at derived importance rather than stated to ensure accuracy.  
19/05/2026 07:46:51,anon_f13a7afb50,"Could we make it a pickleball court? We don't have enough courts in Church Hill, and I have to go to Henrico's Hidden Creak Park to play. Also could we fix the lights on the courts?",Share full plans and invite public review and input before adopting any changes.,Build a pickleball court ,Keep up the hard work. Hopefully we can get more pickleball parks built. 
19/05/2026 08:14:11,anon_00aedda2f9,"City green space is absolutely essential to the health of community members. Loss of such space for the limited purpose of niche sports by individuals from outside the community is unacceptable. 

City green spaces are essential for public health, actively lowering mortality and reducing rates of cardiovascular disease, depression, and anxiety. These environments promote health by encouraging physical activity, restoring mental fatigue, fostering community social cohesion, and mitigating environmental hazards like air pollution and the urban heat island effect.
Comprehensive research from organizations like the U.S. EPA and the World Health Organization highlights three primary pathways through which green spaces benefit urban health:
1. Environmental MitigationAir & Noise Quality: Trees and vegetation absorb atmospheric pollutants and block traffic noise.Temperature Reduction: Parks combat the urban heat island effect, significantly reducing heat-related illnesses.
2. Mental Health & Cognitive RestorationStress Reduction: Immersion in nature lowers cortisol levels, blood pressure, and heart rate.
Mood Enhancement: Exposure to greenery boosts serotonin and dopamine, combating depression and attention fatigue.
3. Behavioral & Physical WellbeingIncreased Activity: Accessible trails, parks, and fields naturally promote exercise and reduce sedentary lifestyles.Social Connections: Shared communal spaces act as gathering hubs, which decreases loneliness and promotes community safety.","Reverse construction on the new petanque courts, and redirect resources to other improvements.","Restrooms and water fountain access, and other santitation improvements, Water feature (splash pad or cooling features), Improvements to existing courts or playground equipment",I want transparency and clear communication. Showing up to meetings outside the neighborhood to mention in passing some idea is NOT communication. I also don’t think ANY outside group should be able to alter existing public spaces with tax payer money. Chimbo elementary PTA raised significant funds to improve the playground there bc the city didn’t have funds. Letting some outsiders come in and dig up a park that clearly needs work for their own benefit is ethically dubious at best and raises questions as to how the project got this far covertly.
19/05/2026 08:15:46,anon_49fa6367f7,"I have seen far more community use at the basketball courts, rather than the pétanque courts. Prioritizing a single-use space without community input seems rash. Basketball courts have the ability to be used for numerous activities beyond basketball. I would like to see the basketball courts reinstated and improved, as well as the pétanque courts included in a way they will be used. There’s probably space for everyone in that park, but it requires thoughtfulness. A water fountain would increase public safety and benefit all who visit the park.",Please see above comment,"Additional landscaping (trees and plantings) and/or hardscaping (surfaces, shade structures), Restrooms and water fountain access, and other santitation improvements, Mulch (or other material) for play area surface",
19/05/2026 08:21:00,anon_42b849c83c,This petanque expansion is not an equitable distribution of resources relative to its community.,"Reverse construction on the new petanque courts, and redirect resources to other improvements.","Restrooms and water fountain access, and other santitation improvements, Additional landscaping (trees and plantings) and/or hardscaping (surfaces, shade structures), Improvements to existing courts or playground equipment",Look at the percentage allocated towards one hobby.
19/05/2026 08:48:45,anon_a909d97ea9,,"Addressing maintenance, health and safety should be done first; all other plans for changes should be submitted ","Water feature (splash pad or cooling features), Improvements to existing courts or playground equipment, Restrooms and water fountain access, and other santitation improvements",
19/05/2026 09:01:06,anon_b8bdce8f0c,,Ryan Wetsel,"Restrooms and water fountain access, and other santitation improvements, Mulch (or other material) for play area surface, Renovate park house (have staffing/equipment weekends/Summer for all users)",
19/05/2026 09:13:18,anon_3c04b57427,I love the Park. ,Share full plans and invite public review and input before adopting any changes.,"New spaces (examples - renovated track/field space, surface for skateboarding/rollerskating, dog play area), Water feature (splash pad or cooling features), Expand one or more existing uses (basketball/petanque/tennis courts/playground equipment/picnic tables/community garden)","I like riding my bike on the basketball courts and playing on the playground equipment. I really, really, really want a splash pad, because I’ve wanted one for so long.  "
19/05/2026 09:14:00,anon_a1ae450008,The park should accommodate a wide variety of uses for a wide variety of people.  The space allotted to pétanque seems disproportional to the number of users.    ,"Find a way to build the new petanque courts, and remove the old ones for other park use.","Restrooms and water fountain access, and other santitation improvements",
19/05/2026 09:26:25,anon_fc6bce90c1,,"Find a way to build the new petanque courts, and remove the old ones for other park use.","Renovate park house (have staffing/equipment weekends/Summer for all users), Water feature (splash pad or cooling features), Additional landscaping (trees and plantings) and/or hardscaping (surfaces, shade structures)",
19/05/2026 09:31:46,anon_35d66ca35d,,Build the new petanque courts as planned only after sharing full plans for public review and notice.,"Water feature (splash pad or cooling features), Additional landscaping (trees and plantings) and/or hardscaping (surfaces, shade structures), Restrooms and water fountain access, and other santitation improvements",
19/05/2026 09:45:24,anon_73db95df8e,"First of all, as regular users of the Chimbo park and local Chimbo residents with a small kid, we really appreciate the construction being halted and the chance to have our voices heard.

Secondly, it feels like the green spaces that was there was used regularly by kids to play, for picnics, to run through, etc, so much more than I ever saw people use the courts for games. I think turning this into a space for kids would be serving the community so much more. Thank you for your time!","Address maintenance, health and safety needs in the park before any space is expanded or developed.","Renovate park house (have staffing/equipment weekends/Summer for all users), Water feature (splash pad or cooling features), Restrooms and water fountain access, and other santitation improvements",Thank you!
19/05/2026 09:45:45,anon_25c5060491,,Share full plans and invite public review and input before adopting any changes.,"Improvements to existing courts or playground equipment, Water feature (splash pad or cooling features), Renovate park house (have staffing/equipment weekends/Summer for all users), New spaces (examples - renovated track/field space, surface for skateboarding/rollerskating, dog play area), Additional landscaping (trees and plantings) and/or hardscaping (surfaces, shade structures), Restrooms and water fountain access, and other santitation improvements",
19/05/2026 09:46:47,anon_be5459c4f9,,"Address maintenance, health and safety needs in the park before any space is expanded or developed.","Improvements to existing courts or playground equipment, Mulch (or other material) for play area surface, Additional landscaping (trees and plantings) and/or hardscaping (surfaces, shade structures)","We are all apart of this wonderful and growing community, and as such we all deserve to have a voice and collectively pick a direction for this community to grow.  We have a wonderful opportunity to hear the differing perspectives of the varied people of Chimborozo, and we get to decide collectively what is most important and critical.  We can all agree this park is wonderful ; I've watched people from many walks and varied generations come hear to play.  Groups have formed around this park, proving it's significance as a small pillar of the community.  As such, the community deserves to speak and shape it's future for all who enjoy it.  I know we can come to a consensus that leaves everyone with something that will look forward to in this lovely little place we all share.  Let your voice be heard, help us create a better playground for all ages of people who come to Chimbo for their recreation!"
19/05/2026 09:50:52,anon_2e080f3d63,,"Reverse construction on the new petanque courts, and redirect resources to other improvements.","New spaces (examples - renovated track/field space, surface for skateboarding/rollerskating, dog play area), Improvements to existing courts or playground equipment, Additional landscaping (trees and plantings) and/or hardscaping (surfaces, shade structures)",
19/05/2026 09:57:13,anon_e15d794a27,"Some of the things I love the most about Church Hill are all of the green spaces, the community engagement, and the interdependent play that always happens at that playground. Instead of giving us new basketball nets, upgrading the playground equipment, new mulch so the kids don’t trip on roots, or opening the bathrooms to be functional again we built more game courts when they don’t use the ones they have as it is. It feels like a waste of resources and space that the community didn’t get a say in. We are all so disappointed in being left in the dark about an area we cherish daily. Way more often than the courts are used. Thank you for considering our thoughts. ",Share full plans and invite public review and input before adopting any changes.,"Restrooms and water fountain access, and other santitation improvements, Water feature (splash pad or cooling features), Improvements to existing courts or playground equipment",Thank you Neighbor’s for being as passionate about our neighborhood as I am! 
19/05/2026 10:03:09,anon_42f25176f3,,"Find a way to build the new petanque courts, and remove the old ones for other park use.","Expand one or more existing uses (basketball/petanque/tennis courts/playground equipment/picnic tables/community garden), Improvements to existing courts or playground equipment, Restrooms and water fountain access, and other santitation improvements, Additional landscaping (trees and plantings) and/or hardscaping (surfaces, shade structures)",
19/05/2026 10:10:57,anon_83c96945ff,"Thank you for pausing and creating space to listen. This was never really about pétanque for me. A coordinated group secured a permanent change to a public space used by thousands, and most of those neighbors did not know it was being decided. No one acted in bad faith. The infrastructure for broad public awareness was missing.

Two specific asks. First, plan the next phase of work at Chimborazo around what 68% of survey respondents named as their top priority ie restrooms and water fountain access. That has supermajority support across every camp in the data. Second, invest in a real, lightweight, accessible way for residents to hear about and weigh in on park decisions before construction starts. That is upstream of every fight like this one. I would love to help build it.","Fix the process first. Then, with a real plan shared and real public input, decide whether to complete, reconfigure, or remove. I trust the process more than I trust my own current preference about the courts specifically.",Open the park house for high-traffic hours with paid or volunteer staff,"This was never about pétanque for me. It is about the gap between public process and public awareness. The same gap is showing up in other neighborhoods and other cities, and it will keep happening here until we build the connective tissue that lets affected residents hear about decisions before those decisions are effectively made.  We have started a pilot Pol.is conversation at https://pol.is/2recpy3hxf for ongoing playground input. I would love to see it integrated with what Friends of Chimborazo Playground and the Church Hill Association are already doing, rather than become a new organization. The aim is a low-effort, moderated, inclusive channel that exists before there is a controversy.  And to the Boulefrogs: thank you for twenty years of involvement in the park. Nothing about the petition or the survey was a challenge to you. We are trying to widen the room, not push anyone out of it."
19/05/2026 10:11:38,anon_3dee6e170b,I think we need a comprehensive plan with all stakeholders involved when we are thinking about making big changes to our city parks. ,Share full plans and invite public review and input before adopting any changes.,"Restrooms and water fountain access, and other santitation improvements, Expand one or more existing uses (basketball/petanque/tennis courts/playground equipment/picnic tables/community garden), Improvements to existing courts or playground equipment",I think the expansion of the petanque court should have been part of a comprehensive  plan. The petanque courts if the project goes ahead will take up a lot of the remaining green space.
19/05/2026 10:15:02,anon_eda1d6dfc1,"I know it’s hard to find the right balance in public spaces, to try to fit as many people’s needs as possible. But I’d love to see us continue to aim for that—designing public spaces so that they are accessible and usable by lots of people. ","Address maintenance, health and safety needs in the park before any space is expanded or developed.","Restrooms and water fountain access, and other santitation improvements, Mulch (or other material) for play area surface, Improvements to existing courts or playground equipment",
19/05/2026 10:15:33,anon_9fa86cd2b1,"Why isn't there a review process and public comment period for major upgrades? Also as Danny Avula wanted, there should be more transparency in terms of the budget requested and approved.","Reverse construction on the new petanque courts, and redirect resources to other improvements.","Improvements to existing courts or playground equipment, Restrooms and water fountain access, and other santitation improvements, New spaces (examples - renovated track/field space, surface for skateboarding/rollerskating, dog play area)",
19/05/2026 10:24:07,anon_a571edc5ef,Thank you for listening to the people of our neighborhood and pausing the project to bring in local voices. ,"Reverse construction on the new petanque courts, and redirect resources to other improvements.","Renovate park house (have staffing/equipment weekends/Summer for all users), Water feature (splash pad or cooling features), Restrooms and water fountain access, and other santitation improvements",Thank you! 
19/05/2026 10:26:23,anon_595e23c773,,Share full plans and invite public review and input before adopting any changes.,"Additional landscaping (trees and plantings) and/or hardscaping (surfaces, shade structures), Water feature (splash pad or cooling features), Restrooms and water fountain access, and other santitation improvements",
19/05/2026 10:34:56,anon_6fe2dee504,,,"Additional landscaping (trees and plantings) and/or hardscaping (surfaces, shade structures), Restrooms and water fountain access, and other santitation improvements, Water feature (splash pad or cooling features)",
19/05/2026 10:55:24,anon_36ae67b6e3,,"Reverse construction on the new petanque courts, and redirect resources to other improvements.","Water feature (splash pad or cooling features), Restrooms and water fountain access, and other santitation improvements",
19/05/2026 10:59:30,anon_7484fd3565,,"I am OK w/options 1,2,3, and 5. It sounds like the petanque courts needed help. However, this is a game played by a tiny fraction of the community. Public resources should be prioritized for the majority and the neediest. ","Additional landscaping (trees and plantings) and/or hardscaping (surfaces, shade structures), Mulch (or other material) for play area surface, Expand one or more existing uses (basketball/petanque/tennis courts/playground equipment/picnic tables/community garden), Restrooms and water fountain access, and other santitation improvements, Renovate park house (have staffing/equipment weekends/Summer for all users), Water feature (splash pad or cooling features), Improvements to existing courts or playground equipment","A little surprised that there hasn't been much talk about the most important aspects of this park -- access for children of all ages and a place for neighbors to meet one another and hang out, ESPECIALLY lower income people who don't have as many entertainment options as higher-income ones. And I don't even have children. "
19/05/2026 11:57:14,anon_f28fb3fea3,"There seems to be a need for a real park master plan for the playground.  That way, there would be agreement on what the future looks like for the park for all the stakeholders.  Are you all willing/able to use this meeting as a jumping off point to start that process?",Do a legitimate master plan for chimborazo playground,"Additional landscaping (trees and plantings) and/or hardscaping (surfaces, shade structures), Restrooms and water fountain access, and other santitation improvements, Renovate park house (have staffing/equipment weekends/Summer for all users), There are a lot of uses at the playground now that use a fair amount of space.  Before anything is done, let's explore what might fit based on overall community input.",
19/05/2026 11:59:10,anon_e32cae44f3,"Thank you for all you both do, it is not for the faint of heart. To help strengthen a community and community shared park that is inclusive to all is always a challenge.

In these times, we need more nature, more access and more third spaces where the community can come together in healthy ways. A splash pad for children would be wonderful as I have no children of my own, but do a lot of community and youth teaching, the summers are becoming hotter and hotter. It is not just a matter of community and access, but of health.

Thank you kindly, Davi","Find a way to build the new petanque courts, and remove the old ones for other park use.","Renovate park house (have staffing/equipment weekends/Summer for all users), Water feature (splash pad or cooling features)",
